<?xml version="1.0" encoding="UTF-8"?>
<vivadoHLSLog:LogRoot xmlns:vivadoHLSLog="www.xilinx.com/vivadoHLSLog">
  <errorLogs>
    <logs>
      <synLog/>
      <simLog/>
      <mgLog/>
      <packageLog/>
      <csimLog/>
    </logs>
  </errorLogs>
  <warningLogs>
    <logs>
      <synLog>
        <logs message="WARNING: [RTGEN 206-101] Design contains AXI ports. Reset is fixed to synchronous and active low." projectName="vector_add_hls_design1" solutionName="solution1" date="2022-03-14T09:57:37.676-0700" type="Warning"/>
        <logs message="WARNING: [HLS 207-5528] Ignore interface attribute or pragma which is not used in top function: vector_add_hls_design1/vector_add.c:8:9" projectName="vector_add_hls_design1" solutionName="solution1" date="2022-03-14T09:57:27.882-0700" type="Warning"/>
      </synLog>
      <simLog/>
      <mgLog/>
      <packageLog/>
      <csimLog/>
    </logs>
  </warningLogs>
</vivadoHLSLog:LogRoot>
