<?xml version="1.0"?>
<Runs Version="1" Minor="0">
	<Run Id="design_1_processing_system7_0_1_synth_1" LaunchDir="C:/Users/zeqiangz01/Desktop/Vector_Addition_Project/Vector_Add_Vivado_proj/Vector_Add_Vivado_proj.runs/design_1_processing_system7_0_1_synth_1" FlowId="Vivado_Synthesis" FromStepId="vivado" ToStepId="vivado"/>
	<Run Id="design_1_vector_add_0_1_synth_1" LaunchDir="C:/Users/zeqiangz01/Desktop/Vector_Addition_Project/Vector_Add_Vivado_proj/Vector_Add_Vivado_proj.runs/design_1_vector_add_0_1_synth_1" FlowId="Vivado_Synthesis" FromStepId="vivado" ToStepId="vivado"/>
	<Run Id="design_1_rst_ps7_0_100M_0_synth_1" LaunchDir="C:/Users/zeqiangz01/Desktop/Vector_Addition_Project/Vector_Add_Vivado_proj/Vector_Add_Vivado_proj.runs/design_1_rst_ps7_0_100M_0_synth_1" FlowId="Vivado_Synthesis" FromStepId="vivado" ToStepId="vivado"/>
	<Run Id="design_1_xbar_0_synth_1" LaunchDir="C:/Users/zeqiangz01/Desktop/Vector_Addition_Project/Vector_Add_Vivado_proj/Vector_Add_Vivado_proj.runs/design_1_xbar_0_synth_1" FlowId="Vivado_Synthesis" FromStepId="vivado" ToStepId="vivado"/>
	<Run Id="design_1_auto_pc_0_synth_1" LaunchDir="C:/Users/zeqiangz01/Desktop/Vector_Addition_Project/Vector_Add_Vivado_proj/Vector_Add_Vivado_proj.runs/design_1_auto_pc_0_synth_1" FlowId="Vivado_Synthesis" FromStepId="vivado" ToStepId="vivado"/>
	<Run Id="design_1_auto_us_0_synth_1" LaunchDir="C:/Users/zeqiangz01/Desktop/Vector_Addition_Project/Vector_Add_Vivado_proj/Vector_Add_Vivado_proj.runs/design_1_auto_us_0_synth_1" FlowId="Vivado_Synthesis" FromStepId="vivado" ToStepId="vivado"/>
	<Run Id="design_1_auto_pc_1_synth_1" LaunchDir="C:/Users/zeqiangz01/Desktop/Vector_Addition_Project/Vector_Add_Vivado_proj/Vector_Add_Vivado_proj.runs/design_1_auto_pc_1_synth_1" FlowId="Vivado_Synthesis" FromStepId="vivado" ToStepId="vivado" IsOrderedIPRun="true">
		<Parent Id="design_1_auto_pc_0_synth_1"/>
	</Run>
	<Run Id="design_1_auto_us_1_synth_1" LaunchDir="C:/Users/zeqiangz01/Desktop/Vector_Addition_Project/Vector_Add_Vivado_proj/Vector_Add_Vivado_proj.runs/design_1_auto_us_1_synth_1" FlowId="Vivado_Synthesis" FromStepId="vivado" ToStepId="vivado" IsOrderedIPRun="true">
		<Parent Id="design_1_auto_us_0_synth_1"/>
	</Run>
	<Run Id="design_1_auto_pc_2_synth_1" LaunchDir="C:/Users/zeqiangz01/Desktop/Vector_Addition_Project/Vector_Add_Vivado_proj/Vector_Add_Vivado_proj.runs/design_1_auto_pc_2_synth_1" FlowId="Vivado_Synthesis" FromStepId="vivado" ToStepId="vivado" IsOrderedIPRun="true">
		<Parent Id="design_1_auto_pc_0_synth_1"/>
	</Run>
	<Run Id="design_1_auto_us_2_synth_1" LaunchDir="C:/Users/zeqiangz01/Desktop/Vector_Addition_Project/Vector_Add_Vivado_proj/Vector_Add_Vivado_proj.runs/design_1_auto_us_2_synth_1" FlowId="Vivado_Synthesis" FromStepId="vivado" ToStepId="vivado" IsOrderedIPRun="true">
		<Parent Id="design_1_auto_us_0_synth_1"/>
	</Run>
	<Run Id="design_1_auto_pc_3_synth_1" LaunchDir="C:/Users/zeqiangz01/Desktop/Vector_Addition_Project/Vector_Add_Vivado_proj/Vector_Add_Vivado_proj.runs/design_1_auto_pc_3_synth_1" FlowId="Vivado_Synthesis" FromStepId="vivado" ToStepId="vivado"/>
	<Parameters>
		<Parameter Name="runs.monitorLSFJobs" Val="true" Type="bool"/>
		<Parameter Name="runs.enableClusterConf" Val="true" Type="bool"/>
	</Parameters>
</Runs>

