{
  "Top": "vector_add",
  "RtlTop": "vector_add",
  "RtlPrefix": "",
  "RtlSubPrefix": "vector_add_",
  "SourceLanguage": "c",
  "HostMachineBits": "64",
  "FunctionProtocol": "ap_ctrl_hs",
  "ResetStyle": "control",
  "Target": {
    "Family": "zynq",
    "Device": "xc7z020",
    "Package": "-clg400",
    "Speed": "-1",
    "Triple": "fpga64-xilinx-none"
  },
  "Args": {
    "a": {
      "index": "0",
      "direction": "in",
      "srcType": "int*",
      "srcSize": "32",
      "hwRefs": [
        {
          "type": "interface",
          "interface": "m_axi_DATA1",
          "name": "",
          "usage": "data",
          "direction": "in"
        },
        {
          "type": "register",
          "interface": "s_axi_control",
          "name": "a_1",
          "usage": "address",
          "direction": "in"
        },
        {
          "type": "register",
          "interface": "s_axi_control",
          "name": "a_2",
          "usage": "address",
          "direction": "in"
        }
      ]
    },
    "b": {
      "index": "1",
      "direction": "in",
      "srcType": "int*",
      "srcSize": "32",
      "hwRefs": [
        {
          "type": "interface",
          "interface": "m_axi_DATA2",
          "name": "",
          "usage": "data",
          "direction": "in"
        },
        {
          "type": "register",
          "interface": "s_axi_control",
          "name": "b_1",
          "usage": "address",
          "direction": "in"
        },
        {
          "type": "register",
          "interface": "s_axi_control",
          "name": "b_2",
          "usage": "address",
          "direction": "in"
        }
      ]
    },
    "c": {
      "index": "2",
      "direction": "out",
      "srcType": "int*",
      "srcSize": "32",
      "hwRefs": [
        {
          "type": "interface",
          "interface": "m_axi_DATA3",
          "name": "",
          "usage": "data",
          "direction": "out"
        },
        {
          "type": "register",
          "interface": "s_axi_control",
          "name": "c_1",
          "usage": "address",
          "direction": "in"
        },
        {
          "type": "register",
          "interface": "s_axi_control",
          "name": "c_2",
          "usage": "address",
          "direction": "in"
        }
      ]
    }
  },
  "ReturnValue": {
    "srcType": "int",
    "srcSize": "32",
    "hwRefs": [{
        "type": "register",
        "interface": "s_axi_ctrl",
        "name": "ap_return",
        "usage": "data",
        "direction": "out"
      }]
  },
  "HlsSolution": {
    "FlowTarget": "vivado",
    "ConfigTcl": [
      "config_export -format=ip_catalog",
      "config_export -output=C:\/Users\/zeqiangz01\/Desktop\/Vector_Addition_Project\/Vector_Addition\/vector_add.zip",
      "config_export -rtl=verilog",
      "config_export -version=1.0.0"
    ],
    "DirectiveTcl": ["set_directive_top vector_add -name vector_add"],
    "ProfileOption": "0",
    "ProfileType": "none",
    "KernelName": "vector_add"
  },
  "ClockInfo": {
    "ClockName": "ap_clk",
    "ClockPeriod": "10",
    "Uncertainty": "2.7",
    "IsCombinational": "0",
    "II": "3100",
    "Latency": "3099"
  },
  "Xdc": {"OocClocks": ["create_clock -name ap_clk -period 10.000 [get_ports ap_clk]"]},
  "Ipx": {
    "Vendor": "xilinx.com",
    "Library": "hls",
    "Name": "vector_add",
    "Version": "1.0",
    "DisplayName": "Vector_add",
    "Revision": "0",
    "Description": "An IP generated by Vitis HLS",
    "Taxonomy": "\/VITIS_HLS_IP",
    "AutoFamilySupport": "",
    "ZipFile": "xilinx_com_hls_vector_add_1_0.zip"
  },
  "Files": {
    "CSource": ["..\/vector_add.c"],
    "Vhdl": [
      "impl\/vhdl\/vector_add_arrayA.vhd",
      "impl\/vhdl\/vector_add_control_s_axi.vhd",
      "impl\/vhdl\/vector_add_ctrl_s_axi.vhd",
      "impl\/vhdl\/vector_add_DATA1_m_axi.vhd",
      "impl\/vhdl\/vector_add_DATA2_m_axi.vhd",
      "impl\/vhdl\/vector_add_DATA3_m_axi.vhd",
      "impl\/vhdl\/vector_add_flow_control_loop_pipe_sequential_init.vhd",
      "impl\/vhdl\/vector_add_gmem_m_axi.vhd",
      "impl\/vhdl\/vector_add_vector_add_Pipeline_VITIS_LOOP_14_1.vhd",
      "impl\/vhdl\/vector_add_vector_add_Pipeline_VITIS_LOOP_15_1.vhd",
      "impl\/vhdl\/vector_add_vector_add_Pipeline_VITIS_LOOP_22_2.vhd",
      "impl\/vhdl\/vector_add_vector_add_Pipeline_VITIS_LOOP_24_2.vhd",
      "impl\/vhdl\/vector_add_vector_add_Pipeline_VITIS_LOOP_27_3.vhd",
      "impl\/vhdl\/vector_add_vector_add_Pipeline_VITIS_LOOP_32_3.vhd",
      "impl\/vhdl\/vector_add.vhd"
    ],
    "Verilog": [
      "impl\/verilog\/vector_add_arrayA.v",
      "impl\/verilog\/vector_add_control_s_axi.v",
      "impl\/verilog\/vector_add_ctrl_s_axi.v",
      "impl\/verilog\/vector_add_DATA1_m_axi.v",
      "impl\/verilog\/vector_add_DATA2_m_axi.v",
      "impl\/verilog\/vector_add_DATA3_m_axi.v",
      "impl\/verilog\/vector_add_flow_control_loop_pipe_sequential_init.v",
      "impl\/verilog\/vector_add_gmem_m_axi.v",
      "impl\/verilog\/vector_add_vector_add_Pipeline_VITIS_LOOP_14_1.v",
      "impl\/verilog\/vector_add_vector_add_Pipeline_VITIS_LOOP_15_1.v",
      "impl\/verilog\/vector_add_vector_add_Pipeline_VITIS_LOOP_22_2.v",
      "impl\/verilog\/vector_add_vector_add_Pipeline_VITIS_LOOP_24_2.v",
      "impl\/verilog\/vector_add_vector_add_Pipeline_VITIS_LOOP_27_3.v",
      "impl\/verilog\/vector_add_vector_add_Pipeline_VITIS_LOOP_32_3.v",
      "impl\/verilog\/vector_add.v"
    ],
    "SwDriver": [
      "impl\/misc\/drivers\/vector_add_v1_0\/data\/vector_add.mdd",
      "impl\/misc\/drivers\/vector_add_v1_0\/data\/vector_add.tcl",
      "impl\/misc\/drivers\/vector_add_v1_0\/src\/Makefile",
      "impl\/misc\/drivers\/vector_add_v1_0\/src\/xvector_add.c",
      "impl\/misc\/drivers\/vector_add_v1_0\/src\/xvector_add.h",
      "impl\/misc\/drivers\/vector_add_v1_0\/src\/xvector_add_hw.h",
      "impl\/misc\/drivers\/vector_add_v1_0\/src\/xvector_add_linux.c",
      "impl\/misc\/drivers\/vector_add_v1_0\/src\/xvector_add_sinit.c"
    ],
    "IpMisc": ["impl\/misc\/logo.png"],
    "CsynthXml": "syn\/report\/csynth.xml",
    "DebugDir": ".debug",
    "KernelXml": ".autopilot\/db\/kernel.internal.xml",
    "Xo": "",
    "XoHlsDir": "",
    "ProtoInst": [".debug\/vector_add.protoinst"]
  },
  "SubcoreInfo": {
    "HasXpmMemory": false,
    "HasClockedDsp": false,
    "Ip": []
  },
  "Interfaces": {
    "s_axi_control": {
      "type": "axi4lite",
      "busTypeName": "aximm",
      "mode": "slave",
      "dataWidth": "32",
      "addrWidth": "6",
      "portPrefix": "s_axi_control_",
      "paramPrefix": "C_S_AXI_CONTROL_",
      "offsetMasterName": "m_axi_DATA3",
      "ports": [
        "s_axi_control_ARADDR",
        "s_axi_control_ARREADY",
        "s_axi_control_ARVALID",
        "s_axi_control_AWADDR",
        "s_axi_control_AWREADY",
        "s_axi_control_AWVALID",
        "s_axi_control_BREADY",
        "s_axi_control_BRESP",
        "s_axi_control_BVALID",
        "s_axi_control_RDATA",
        "s_axi_control_RREADY",
        "s_axi_control_RRESP",
        "s_axi_control_RVALID",
        "s_axi_control_WDATA",
        "s_axi_control_WREADY",
        "s_axi_control_WSTRB",
        "s_axi_control_WVALID"
      ],
      "registers": [
        {
          "offset": "0x10",
          "name": "a_1",
          "access": "W",
          "description": "Data signal of a",
          "range": "32",
          "fields": [{
              "offset": "0",
              "width": "32",
              "name": "a",
              "access": "W",
              "description": "Bit 31 to 0 of a"
            }]
        },
        {
          "offset": "0x14",
          "name": "a_2",
          "access": "W",
          "description": "Data signal of a",
          "range": "32",
          "fields": [{
              "offset": "0",
              "width": "32",
              "name": "a",
              "access": "W",
              "description": "Bit 63 to 32 of a"
            }]
        },
        {
          "offset": "0x1c",
          "name": "b_1",
          "access": "W",
          "description": "Data signal of b",
          "range": "32",
          "fields": [{
              "offset": "0",
              "width": "32",
              "name": "b",
              "access": "W",
              "description": "Bit 31 to 0 of b"
            }]
        },
        {
          "offset": "0x20",
          "name": "b_2",
          "access": "W",
          "description": "Data signal of b",
          "range": "32",
          "fields": [{
              "offset": "0",
              "width": "32",
              "name": "b",
              "access": "W",
              "description": "Bit 63 to 32 of b"
            }]
        },
        {
          "offset": "0x28",
          "name": "c_1",
          "access": "W",
          "description": "Data signal of c",
          "range": "32",
          "fields": [{
              "offset": "0",
              "width": "32",
              "name": "c",
              "access": "W",
              "description": "Bit 31 to 0 of c"
            }]
        },
        {
          "offset": "0x2c",
          "name": "c_2",
          "access": "W",
          "description": "Data signal of c",
          "range": "32",
          "fields": [{
              "offset": "0",
              "width": "32",
              "name": "c",
              "access": "W",
              "description": "Bit 63 to 32 of c"
            }]
        }
      ],
      "constraints": [
        {
          "constraint_type": "pragma interface",
          "mode": "s_axilite",
          "register_option": "0",
          "offset": "16",
          "argName": "a"
        },
        {
          "constraint_type": "pragma interface",
          "mode": "s_axilite",
          "register_option": "0",
          "offset": "28",
          "argName": "b"
        },
        {
          "constraint_type": "pragma interface",
          "mode": "s_axilite",
          "register_option": "0",
          "offset": "40",
          "argName": "c"
        }
      ]
    },
    "s_axi_ctrl": {
      "type": "axi4lite",
      "busTypeName": "aximm",
      "mode": "slave",
      "dataWidth": "32",
      "addrWidth": "5",
      "portPrefix": "s_axi_ctrl_",
      "paramPrefix": "C_S_AXI_CTRL_",
      "ports": [
        "s_axi_ctrl_ARADDR",
        "s_axi_ctrl_ARREADY",
        "s_axi_ctrl_ARVALID",
        "s_axi_ctrl_AWADDR",
        "s_axi_ctrl_AWREADY",
        "s_axi_ctrl_AWVALID",
        "s_axi_ctrl_BREADY",
        "s_axi_ctrl_BRESP",
        "s_axi_ctrl_BVALID",
        "s_axi_ctrl_RDATA",
        "s_axi_ctrl_RREADY",
        "s_axi_ctrl_RRESP",
        "s_axi_ctrl_RVALID",
        "s_axi_ctrl_WDATA",
        "s_axi_ctrl_WREADY",
        "s_axi_ctrl_WSTRB",
        "s_axi_ctrl_WVALID"
      ],
      "registers": [
        {
          "offset": "0x00",
          "name": "CTRL",
          "access": "RW",
          "description": "Control signals",
          "range": "32",
          "fields": [
            {
              "offset": "0",
              "width": "1",
              "name": "AP_START",
              "access": "RW",
              "description": "Control signal Register for 'ap_start'."
            },
            {
              "offset": "1",
              "width": "1",
              "name": "AP_DONE",
              "access": "R",
              "description": "Control signal Register for 'ap_done'."
            },
            {
              "offset": "2",
              "width": "1",
              "name": "AP_IDLE",
              "access": "R",
              "description": "Control signal Register for 'ap_idle'."
            },
            {
              "offset": "3",
              "width": "1",
              "name": "AP_READY",
              "access": "R",
              "description": "Control signal Register for 'ap_ready'."
            },
            {
              "offset": "4",
              "width": "3",
              "name": "RESERVED_1",
              "access": "R",
              "description": "Reserved.  0s on read."
            },
            {
              "offset": "7",
              "width": "1",
              "name": "AUTO_RESTART",
              "access": "RW",
              "description": "Control signal Register for 'auto_restart'."
            },
            {
              "offset": "8",
              "width": "1",
              "name": "RESERVED_2",
              "access": "R",
              "description": "Reserved.  0s on read."
            },
            {
              "offset": "9",
              "width": "1",
              "name": "RESERVED_3",
              "access": "R",
              "description": "Reserved.  0s on read."
            },
            {
              "offset": "10",
              "width": "22",
              "name": "RESERVED_4",
              "access": "R",
              "description": "Reserved.  0s on read."
            }
          ]
        },
        {
          "offset": "0x04",
          "name": "GIER",
          "access": "RW",
          "description": "Global Interrupt Enable Register",
          "range": "32",
          "fields": [
            {
              "offset": "0",
              "width": "1",
              "name": "Enable",
              "access": "RW",
              "description": "Master enable for the device interrupt output to the system interrupt controller: 0 = Disabled, 1 = Enabled"
            },
            {
              "offset": "1",
              "width": "31",
              "name": "RESERVED",
              "access": "R",
              "description": "Reserved.  0s on read."
            }
          ]
        },
        {
          "offset": "0x08",
          "name": "IP_IER",
          "access": "RW",
          "description": "IP Interrupt Enable Register",
          "range": "32",
          "fields": [
            {
              "offset": "0",
              "width": "1",
              "name": "CHAN0_INT_EN",
              "access": "RW",
              "description": "Enable Channel 0 (ap_done) Interrupt.  0 = Disabled, 1 = Enabled."
            },
            {
              "offset": "1",
              "width": "1",
              "name": "CHAN1_INT_EN",
              "access": "RW",
              "description": "Enable Channel 1 (ap_ready) Interrupt.  0 = Disabled, 1 = Enabled."
            },
            {
              "offset": "2",
              "width": "30",
              "name": "RESERVED",
              "access": "R",
              "description": "Reserved.  0s on read."
            },
            {
              "offset": "2",
              "width": "30",
              "name": "RESERVED",
              "access": "R",
              "description": "Reserved.  0s on read."
            }
          ]
        },
        {
          "offset": "0x0c",
          "name": "IP_ISR",
          "access": "RW",
          "description": "IP Interrupt Status Register",
          "range": "32",
          "fields": [
            {
              "offset": "0",
              "width": "1",
              "name": "CHAN0_INT_ST",
              "access": "RTOW",
              "description": "Channel 0 (ap_done) Interrupt Status. 0 = No Channel 0 input interrupt, 1 = Channel 0 input interrup"
            },
            {
              "offset": "1",
              "width": "1",
              "name": "CHAN1_INT_ST",
              "access": "RTOW",
              "description": "Channel 1 (ap_ready) Interrupt Status. 0 = No Channel 1 input interrupt, 1 = Channel 1 input interrup"
            },
            {
              "offset": "2",
              "width": "30",
              "name": "RESERVED",
              "access": "R",
              "description": "Reserved.  0s on read."
            }
          ]
        },
        {
          "offset": "0x10",
          "name": "ap_return",
          "access": "R",
          "description": "Data signal of ap_return",
          "range": "32",
          "fields": [{
              "offset": "0",
              "width": "32",
              "name": "ap_return",
              "access": "R",
              "description": "Bit 31 to 0 of ap_return"
            }]
        }
      ]
    },
    "ap_clk": {
      "type": "clock",
      "busTypeName": "clock",
      "mode": "slave",
      "busParams": {
        "ASSOCIATED_BUSIF": "s_axi_control:s_axi_ctrl:m_axi_DATA1:m_axi_DATA2:m_axi_DATA3",
        "ASSOCIATED_RESET": "ap_rst_n"
      },
      "portMap": {"ap_clk": "CLK"},
      "ports": ["ap_clk"]
    },
    "ap_rst_n": {
      "type": "reset",
      "busTypeName": "reset",
      "mode": "slave",
      "busParams": {"POLARITY": "ACTIVE_LOW"},
      "portMap": {"ap_rst_n": "RST"},
      "ports": ["ap_rst_n"]
    },
    "interrupt": {
      "type": "interrupt",
      "busTypeName": "interrupt",
      "mode": "master",
      "dataWidth": "1",
      "busParams": {"SENSITIVITY": "LEVEL_HIGH"},
      "portMap": {"interrupt": "INTERRUPT"},
      "ports": ["interrupt"]
    },
    "m_axi_DATA1": {
      "type": "axi4full",
      "busTypeName": "aximm",
      "mode": "master",
      "dataWidth": "32",
      "addrWidth": "64",
      "portPrefix": "m_axi_DATA1_",
      "paramPrefix": "C_M_AXI_DATA1_",
      "offsetSlaveName": "s_axi_control",
      "preferredUsageValue": "MEMORY",
      "busParams": {
        "NUM_READ_OUTSTANDING": "16",
        "NUM_WRITE_OUTSTANDING": "16",
        "MAX_READ_BURST_LENGTH": "16",
        "MAX_WRITE_BURST_LENGTH": "16",
        "MAX_BURST_LENGTH": "256",
        "PROTOCOL": "AXI4",
        "READ_WRITE_MODE": "READ_WRITE",
        "HAS_BURST": "0",
        "SUPPORTS_NARROW_BURST": "0"
      },
      "ports": [
        "m_axi_DATA1_ARADDR",
        "m_axi_DATA1_ARBURST",
        "m_axi_DATA1_ARCACHE",
        "m_axi_DATA1_ARID",
        "m_axi_DATA1_ARLEN",
        "m_axi_DATA1_ARLOCK",
        "m_axi_DATA1_ARPROT",
        "m_axi_DATA1_ARQOS",
        "m_axi_DATA1_ARREADY",
        "m_axi_DATA1_ARREGION",
        "m_axi_DATA1_ARSIZE",
        "m_axi_DATA1_ARUSER",
        "m_axi_DATA1_ARVALID",
        "m_axi_DATA1_AWADDR",
        "m_axi_DATA1_AWBURST",
        "m_axi_DATA1_AWCACHE",
        "m_axi_DATA1_AWID",
        "m_axi_DATA1_AWLEN",
        "m_axi_DATA1_AWLOCK",
        "m_axi_DATA1_AWPROT",
        "m_axi_DATA1_AWQOS",
        "m_axi_DATA1_AWREADY",
        "m_axi_DATA1_AWREGION",
        "m_axi_DATA1_AWSIZE",
        "m_axi_DATA1_AWUSER",
        "m_axi_DATA1_AWVALID",
        "m_axi_DATA1_BID",
        "m_axi_DATA1_BREADY",
        "m_axi_DATA1_BRESP",
        "m_axi_DATA1_BUSER",
        "m_axi_DATA1_BVALID",
        "m_axi_DATA1_RDATA",
        "m_axi_DATA1_RID",
        "m_axi_DATA1_RLAST",
        "m_axi_DATA1_RREADY",
        "m_axi_DATA1_RRESP",
        "m_axi_DATA1_RUSER",
        "m_axi_DATA1_RVALID",
        "m_axi_DATA1_WDATA",
        "m_axi_DATA1_WID",
        "m_axi_DATA1_WLAST",
        "m_axi_DATA1_WREADY",
        "m_axi_DATA1_WSTRB",
        "m_axi_DATA1_WUSER",
        "m_axi_DATA1_WVALID"
      ],
      "constraints": [
        {
          "constraint_type": "pragma interface",
          "mode": "m_axi",
          "register_option": "0",
          "offset": "slave",
          "latency": "0",
          "num_read_outstanding": "16",
          "num_write_outstanding": "16",
          "max_read_burst_length": "16",
          "max_write_burst_length": "16",
          "max_widen_bitwidth": "0",
          "argName": "a"
        },
        {
          "constraint_type": "bitwidth",
          "orig_bitwidth": "32",
          "final_bitwidth": "32",
          "argName": "a"
        }
      ]
    },
    "m_axi_DATA2": {
      "type": "axi4full",
      "busTypeName": "aximm",
      "mode": "master",
      "dataWidth": "32",
      "addrWidth": "64",
      "portPrefix": "m_axi_DATA2_",
      "paramPrefix": "C_M_AXI_DATA2_",
      "offsetSlaveName": "s_axi_control",
      "preferredUsageValue": "MEMORY",
      "busParams": {
        "NUM_READ_OUTSTANDING": "16",
        "NUM_WRITE_OUTSTANDING": "16",
        "MAX_READ_BURST_LENGTH": "16",
        "MAX_WRITE_BURST_LENGTH": "16",
        "MAX_BURST_LENGTH": "256",
        "PROTOCOL": "AXI4",
        "READ_WRITE_MODE": "READ_WRITE",
        "HAS_BURST": "0",
        "SUPPORTS_NARROW_BURST": "0"
      },
      "ports": [
        "m_axi_DATA2_ARADDR",
        "m_axi_DATA2_ARBURST",
        "m_axi_DATA2_ARCACHE",
        "m_axi_DATA2_ARID",
        "m_axi_DATA2_ARLEN",
        "m_axi_DATA2_ARLOCK",
        "m_axi_DATA2_ARPROT",
        "m_axi_DATA2_ARQOS",
        "m_axi_DATA2_ARREADY",
        "m_axi_DATA2_ARREGION",
        "m_axi_DATA2_ARSIZE",
        "m_axi_DATA2_ARUSER",
        "m_axi_DATA2_ARVALID",
        "m_axi_DATA2_AWADDR",
        "m_axi_DATA2_AWBURST",
        "m_axi_DATA2_AWCACHE",
        "m_axi_DATA2_AWID",
        "m_axi_DATA2_AWLEN",
        "m_axi_DATA2_AWLOCK",
        "m_axi_DATA2_AWPROT",
        "m_axi_DATA2_AWQOS",
        "m_axi_DATA2_AWREADY",
        "m_axi_DATA2_AWREGION",
        "m_axi_DATA2_AWSIZE",
        "m_axi_DATA2_AWUSER",
        "m_axi_DATA2_AWVALID",
        "m_axi_DATA2_BID",
        "m_axi_DATA2_BREADY",
        "m_axi_DATA2_BRESP",
        "m_axi_DATA2_BUSER",
        "m_axi_DATA2_BVALID",
        "m_axi_DATA2_RDATA",
        "m_axi_DATA2_RID",
        "m_axi_DATA2_RLAST",
        "m_axi_DATA2_RREADY",
        "m_axi_DATA2_RRESP",
        "m_axi_DATA2_RUSER",
        "m_axi_DATA2_RVALID",
        "m_axi_DATA2_WDATA",
        "m_axi_DATA2_WID",
        "m_axi_DATA2_WLAST",
        "m_axi_DATA2_WREADY",
        "m_axi_DATA2_WSTRB",
        "m_axi_DATA2_WUSER",
        "m_axi_DATA2_WVALID"
      ],
      "constraints": [
        {
          "constraint_type": "pragma interface",
          "mode": "m_axi",
          "register_option": "0",
          "offset": "slave",
          "latency": "0",
          "num_read_outstanding": "16",
          "num_write_outstanding": "16",
          "max_read_burst_length": "16",
          "max_write_burst_length": "16",
          "max_widen_bitwidth": "0",
          "argName": "b"
        },
        {
          "constraint_type": "bitwidth",
          "orig_bitwidth": "32",
          "final_bitwidth": "32",
          "argName": "b"
        }
      ]
    },
    "m_axi_DATA3": {
      "type": "axi4full",
      "busTypeName": "aximm",
      "mode": "master",
      "dataWidth": "32",
      "addrWidth": "64",
      "portPrefix": "m_axi_DATA3_",
      "paramPrefix": "C_M_AXI_DATA3_",
      "offsetSlaveName": "s_axi_control",
      "preferredUsageValue": "MEMORY",
      "busParams": {
        "NUM_READ_OUTSTANDING": "16",
        "NUM_WRITE_OUTSTANDING": "16",
        "MAX_READ_BURST_LENGTH": "16",
        "MAX_WRITE_BURST_LENGTH": "16",
        "MAX_BURST_LENGTH": "256",
        "PROTOCOL": "AXI4",
        "READ_WRITE_MODE": "READ_WRITE",
        "HAS_BURST": "0",
        "SUPPORTS_NARROW_BURST": "0"
      },
      "ports": [
        "m_axi_DATA3_ARADDR",
        "m_axi_DATA3_ARBURST",
        "m_axi_DATA3_ARCACHE",
        "m_axi_DATA3_ARID",
        "m_axi_DATA3_ARLEN",
        "m_axi_DATA3_ARLOCK",
        "m_axi_DATA3_ARPROT",
        "m_axi_DATA3_ARQOS",
        "m_axi_DATA3_ARREADY",
        "m_axi_DATA3_ARREGION",
        "m_axi_DATA3_ARSIZE",
        "m_axi_DATA3_ARUSER",
        "m_axi_DATA3_ARVALID",
        "m_axi_DATA3_AWADDR",
        "m_axi_DATA3_AWBURST",
        "m_axi_DATA3_AWCACHE",
        "m_axi_DATA3_AWID",
        "m_axi_DATA3_AWLEN",
        "m_axi_DATA3_AWLOCK",
        "m_axi_DATA3_AWPROT",
        "m_axi_DATA3_AWQOS",
        "m_axi_DATA3_AWREADY",
        "m_axi_DATA3_AWREGION",
        "m_axi_DATA3_AWSIZE",
        "m_axi_DATA3_AWUSER",
        "m_axi_DATA3_AWVALID",
        "m_axi_DATA3_BID",
        "m_axi_DATA3_BREADY",
        "m_axi_DATA3_BRESP",
        "m_axi_DATA3_BUSER",
        "m_axi_DATA3_BVALID",
        "m_axi_DATA3_RDATA",
        "m_axi_DATA3_RID",
        "m_axi_DATA3_RLAST",
        "m_axi_DATA3_RREADY",
        "m_axi_DATA3_RRESP",
        "m_axi_DATA3_RUSER",
        "m_axi_DATA3_RVALID",
        "m_axi_DATA3_WDATA",
        "m_axi_DATA3_WID",
        "m_axi_DATA3_WLAST",
        "m_axi_DATA3_WREADY",
        "m_axi_DATA3_WSTRB",
        "m_axi_DATA3_WUSER",
        "m_axi_DATA3_WVALID"
      ],
      "constraints": [
        {
          "constraint_type": "pragma interface",
          "mode": "m_axi",
          "register_option": "0",
          "offset": "slave",
          "latency": "0",
          "num_read_outstanding": "16",
          "num_write_outstanding": "16",
          "max_read_burst_length": "16",
          "max_write_burst_length": "16",
          "max_widen_bitwidth": "0",
          "argName": "c"
        },
        {
          "constraint_type": "bitwidth",
          "orig_bitwidth": "32",
          "final_bitwidth": "32",
          "argName": "c"
        }
      ]
    }
  },
  "RtlPorts": {
    "s_axi_control_AWVALID": {
      "dir": "in",
      "width": "1"
    },
    "s_axi_control_AWREADY": {
      "dir": "out",
      "width": "1"
    },
    "s_axi_control_AWADDR": {
      "dir": "in",
      "width": "6"
    },
    "s_axi_control_WVALID": {
      "dir": "in",
      "width": "1"
    },
    "s_axi_control_WREADY": {
      "dir": "out",
      "width": "1"
    },
    "s_axi_control_WDATA": {
      "dir": "in",
      "width": "32"
    },
    "s_axi_control_WSTRB": {
      "dir": "in",
      "width": "4"
    },
    "s_axi_control_ARVALID": {
      "dir": "in",
      "width": "1"
    },
    "s_axi_control_ARREADY": {
      "dir": "out",
      "width": "1"
    },
    "s_axi_control_ARADDR": {
      "dir": "in",
      "width": "6"
    },
    "s_axi_control_RVALID": {
      "dir": "out",
      "width": "1"
    },
    "s_axi_control_RREADY": {
      "dir": "in",
      "width": "1"
    },
    "s_axi_control_RDATA": {
      "dir": "out",
      "width": "32"
    },
    "s_axi_control_RRESP": {
      "dir": "out",
      "width": "2"
    },
    "s_axi_control_BVALID": {
      "dir": "out",
      "width": "1"
    },
    "s_axi_control_BREADY": {
      "dir": "in",
      "width": "1"
    },
    "s_axi_control_BRESP": {
      "dir": "out",
      "width": "2"
    },
    "s_axi_ctrl_AWVALID": {
      "dir": "in",
      "width": "1"
    },
    "s_axi_ctrl_AWREADY": {
      "dir": "out",
      "width": "1"
    },
    "s_axi_ctrl_AWADDR": {
      "dir": "in",
      "width": "5"
    },
    "s_axi_ctrl_WVALID": {
      "dir": "in",
      "width": "1"
    },
    "s_axi_ctrl_WREADY": {
      "dir": "out",
      "width": "1"
    },
    "s_axi_ctrl_WDATA": {
      "dir": "in",
      "width": "32"
    },
    "s_axi_ctrl_WSTRB": {
      "dir": "in",
      "width": "4"
    },
    "s_axi_ctrl_ARVALID": {
      "dir": "in",
      "width": "1"
    },
    "s_axi_ctrl_ARREADY": {
      "dir": "out",
      "width": "1"
    },
    "s_axi_ctrl_ARADDR": {
      "dir": "in",
      "width": "5"
    },
    "s_axi_ctrl_RVALID": {
      "dir": "out",
      "width": "1"
    },
    "s_axi_ctrl_RREADY": {
      "dir": "in",
      "width": "1"
    },
    "s_axi_ctrl_RDATA": {
      "dir": "out",
      "width": "32"
    },
    "s_axi_ctrl_RRESP": {
      "dir": "out",
      "width": "2"
    },
    "s_axi_ctrl_BVALID": {
      "dir": "out",
      "width": "1"
    },
    "s_axi_ctrl_BREADY": {
      "dir": "in",
      "width": "1"
    },
    "s_axi_ctrl_BRESP": {
      "dir": "out",
      "width": "2"
    },
    "ap_clk": {
      "dir": "in",
      "width": "1"
    },
    "ap_rst_n": {
      "dir": "in",
      "width": "1"
    },
    "interrupt": {
      "dir": "out",
      "width": "1"
    },
    "m_axi_DATA1_AWVALID": {
      "dir": "out",
      "width": "1"
    },
    "m_axi_DATA1_AWREADY": {
      "dir": "in",
      "width": "1"
    },
    "m_axi_DATA1_AWADDR": {
      "dir": "out",
      "width": "64"
    },
    "m_axi_DATA1_AWID": {
      "dir": "out",
      "width": "1",
      "isVector": "true"
    },
    "m_axi_DATA1_AWLEN": {
      "dir": "out",
      "width": "8"
    },
    "m_axi_DATA1_AWSIZE": {
      "dir": "out",
      "width": "3"
    },
    "m_axi_DATA1_AWBURST": {
      "dir": "out",
      "width": "2"
    },
    "m_axi_DATA1_AWLOCK": {
      "dir": "out",
      "width": "2"
    },
    "m_axi_DATA1_AWCACHE": {
      "dir": "out",
      "width": "4"
    },
    "m_axi_DATA1_AWPROT": {
      "dir": "out",
      "width": "3"
    },
    "m_axi_DATA1_AWQOS": {
      "dir": "out",
      "width": "4"
    },
    "m_axi_DATA1_AWREGION": {
      "dir": "out",
      "width": "4"
    },
    "m_axi_DATA1_AWUSER": {
      "dir": "out",
      "width": "1",
      "isVector": "true"
    },
    "m_axi_DATA1_WVALID": {
      "dir": "out",
      "width": "1"
    },
    "m_axi_DATA1_WREADY": {
      "dir": "in",
      "width": "1"
    },
    "m_axi_DATA1_WDATA": {
      "dir": "out",
      "width": "32"
    },
    "m_axi_DATA1_WSTRB": {
      "dir": "out",
      "width": "4"
    },
    "m_axi_DATA1_WLAST": {
      "dir": "out",
      "width": "1"
    },
    "m_axi_DATA1_WID": {
      "dir": "out",
      "width": "1",
      "isVector": "true"
    },
    "m_axi_DATA1_WUSER": {
      "dir": "out",
      "width": "1",
      "isVector": "true"
    },
    "m_axi_DATA1_ARVALID": {
      "dir": "out",
      "width": "1"
    },
    "m_axi_DATA1_ARREADY": {
      "dir": "in",
      "width": "1"
    },
    "m_axi_DATA1_ARADDR": {
      "dir": "out",
      "width": "64"
    },
    "m_axi_DATA1_ARID": {
      "dir": "out",
      "width": "1",
      "isVector": "true"
    },
    "m_axi_DATA1_ARLEN": {
      "dir": "out",
      "width": "8"
    },
    "m_axi_DATA1_ARSIZE": {
      "dir": "out",
      "width": "3"
    },
    "m_axi_DATA1_ARBURST": {
      "dir": "out",
      "width": "2"
    },
    "m_axi_DATA1_ARLOCK": {
      "dir": "out",
      "width": "2"
    },
    "m_axi_DATA1_ARCACHE": {
      "dir": "out",
      "width": "4"
    },
    "m_axi_DATA1_ARPROT": {
      "dir": "out",
      "width": "3"
    },
    "m_axi_DATA1_ARQOS": {
      "dir": "out",
      "width": "4"
    },
    "m_axi_DATA1_ARREGION": {
      "dir": "out",
      "width": "4"
    },
    "m_axi_DATA1_ARUSER": {
      "dir": "out",
      "width": "1",
      "isVector": "true"
    },
    "m_axi_DATA1_RVALID": {
      "dir": "in",
      "width": "1"
    },
    "m_axi_DATA1_RREADY": {
      "dir": "out",
      "width": "1"
    },
    "m_axi_DATA1_RDATA": {
      "dir": "in",
      "width": "32"
    },
    "m_axi_DATA1_RLAST": {
      "dir": "in",
      "width": "1"
    },
    "m_axi_DATA1_RID": {
      "dir": "in",
      "width": "1",
      "isVector": "true"
    },
    "m_axi_DATA1_RUSER": {
      "dir": "in",
      "width": "1",
      "isVector": "true"
    },
    "m_axi_DATA1_RRESP": {
      "dir": "in",
      "width": "2"
    },
    "m_axi_DATA1_BVALID": {
      "dir": "in",
      "width": "1"
    },
    "m_axi_DATA1_BREADY": {
      "dir": "out",
      "width": "1"
    },
    "m_axi_DATA1_BRESP": {
      "dir": "in",
      "width": "2"
    },
    "m_axi_DATA1_BID": {
      "dir": "in",
      "width": "1",
      "isVector": "true"
    },
    "m_axi_DATA1_BUSER": {
      "dir": "in",
      "width": "1",
      "isVector": "true"
    },
    "m_axi_DATA2_AWVALID": {
      "dir": "out",
      "width": "1"
    },
    "m_axi_DATA2_AWREADY": {
      "dir": "in",
      "width": "1"
    },
    "m_axi_DATA2_AWADDR": {
      "dir": "out",
      "width": "64"
    },
    "m_axi_DATA2_AWID": {
      "dir": "out",
      "width": "1",
      "isVector": "true"
    },
    "m_axi_DATA2_AWLEN": {
      "dir": "out",
      "width": "8"
    },
    "m_axi_DATA2_AWSIZE": {
      "dir": "out",
      "width": "3"
    },
    "m_axi_DATA2_AWBURST": {
      "dir": "out",
      "width": "2"
    },
    "m_axi_DATA2_AWLOCK": {
      "dir": "out",
      "width": "2"
    },
    "m_axi_DATA2_AWCACHE": {
      "dir": "out",
      "width": "4"
    },
    "m_axi_DATA2_AWPROT": {
      "dir": "out",
      "width": "3"
    },
    "m_axi_DATA2_AWQOS": {
      "dir": "out",
      "width": "4"
    },
    "m_axi_DATA2_AWREGION": {
      "dir": "out",
      "width": "4"
    },
    "m_axi_DATA2_AWUSER": {
      "dir": "out",
      "width": "1",
      "isVector": "true"
    },
    "m_axi_DATA2_WVALID": {
      "dir": "out",
      "width": "1"
    },
    "m_axi_DATA2_WREADY": {
      "dir": "in",
      "width": "1"
    },
    "m_axi_DATA2_WDATA": {
      "dir": "out",
      "width": "32"
    },
    "m_axi_DATA2_WSTRB": {
      "dir": "out",
      "width": "4"
    },
    "m_axi_DATA2_WLAST": {
      "dir": "out",
      "width": "1"
    },
    "m_axi_DATA2_WID": {
      "dir": "out",
      "width": "1",
      "isVector": "true"
    },
    "m_axi_DATA2_WUSER": {
      "dir": "out",
      "width": "1",
      "isVector": "true"
    },
    "m_axi_DATA2_ARVALID": {
      "dir": "out",
      "width": "1"
    },
    "m_axi_DATA2_ARREADY": {
      "dir": "in",
      "width": "1"
    },
    "m_axi_DATA2_ARADDR": {
      "dir": "out",
      "width": "64"
    },
    "m_axi_DATA2_ARID": {
      "dir": "out",
      "width": "1",
      "isVector": "true"
    },
    "m_axi_DATA2_ARLEN": {
      "dir": "out",
      "width": "8"
    },
    "m_axi_DATA2_ARSIZE": {
      "dir": "out",
      "width": "3"
    },
    "m_axi_DATA2_ARBURST": {
      "dir": "out",
      "width": "2"
    },
    "m_axi_DATA2_ARLOCK": {
      "dir": "out",
      "width": "2"
    },
    "m_axi_DATA2_ARCACHE": {
      "dir": "out",
      "width": "4"
    },
    "m_axi_DATA2_ARPROT": {
      "dir": "out",
      "width": "3"
    },
    "m_axi_DATA2_ARQOS": {
      "dir": "out",
      "width": "4"
    },
    "m_axi_DATA2_ARREGION": {
      "dir": "out",
      "width": "4"
    },
    "m_axi_DATA2_ARUSER": {
      "dir": "out",
      "width": "1",
      "isVector": "true"
    },
    "m_axi_DATA2_RVALID": {
      "dir": "in",
      "width": "1"
    },
    "m_axi_DATA2_RREADY": {
      "dir": "out",
      "width": "1"
    },
    "m_axi_DATA2_RDATA": {
      "dir": "in",
      "width": "32"
    },
    "m_axi_DATA2_RLAST": {
      "dir": "in",
      "width": "1"
    },
    "m_axi_DATA2_RID": {
      "dir": "in",
      "width": "1",
      "isVector": "true"
    },
    "m_axi_DATA2_RUSER": {
      "dir": "in",
      "width": "1",
      "isVector": "true"
    },
    "m_axi_DATA2_RRESP": {
      "dir": "in",
      "width": "2"
    },
    "m_axi_DATA2_BVALID": {
      "dir": "in",
      "width": "1"
    },
    "m_axi_DATA2_BREADY": {
      "dir": "out",
      "width": "1"
    },
    "m_axi_DATA2_BRESP": {
      "dir": "in",
      "width": "2"
    },
    "m_axi_DATA2_BID": {
      "dir": "in",
      "width": "1",
      "isVector": "true"
    },
    "m_axi_DATA2_BUSER": {
      "dir": "in",
      "width": "1",
      "isVector": "true"
    },
    "m_axi_DATA3_AWVALID": {
      "dir": "out",
      "width": "1"
    },
    "m_axi_DATA3_AWREADY": {
      "dir": "in",
      "width": "1"
    },
    "m_axi_DATA3_AWADDR": {
      "dir": "out",
      "width": "64"
    },
    "m_axi_DATA3_AWID": {
      "dir": "out",
      "width": "1",
      "isVector": "true"
    },
    "m_axi_DATA3_AWLEN": {
      "dir": "out",
      "width": "8"
    },
    "m_axi_DATA3_AWSIZE": {
      "dir": "out",
      "width": "3"
    },
    "m_axi_DATA3_AWBURST": {
      "dir": "out",
      "width": "2"
    },
    "m_axi_DATA3_AWLOCK": {
      "dir": "out",
      "width": "2"
    },
    "m_axi_DATA3_AWCACHE": {
      "dir": "out",
      "width": "4"
    },
    "m_axi_DATA3_AWPROT": {
      "dir": "out",
      "width": "3"
    },
    "m_axi_DATA3_AWQOS": {
      "dir": "out",
      "width": "4"
    },
    "m_axi_DATA3_AWREGION": {
      "dir": "out",
      "width": "4"
    },
    "m_axi_DATA3_AWUSER": {
      "dir": "out",
      "width": "1",
      "isVector": "true"
    },
    "m_axi_DATA3_WVALID": {
      "dir": "out",
      "width": "1"
    },
    "m_axi_DATA3_WREADY": {
      "dir": "in",
      "width": "1"
    },
    "m_axi_DATA3_WDATA": {
      "dir": "out",
      "width": "32"
    },
    "m_axi_DATA3_WSTRB": {
      "dir": "out",
      "width": "4"
    },
    "m_axi_DATA3_WLAST": {
      "dir": "out",
      "width": "1"
    },
    "m_axi_DATA3_WID": {
      "dir": "out",
      "width": "1",
      "isVector": "true"
    },
    "m_axi_DATA3_WUSER": {
      "dir": "out",
      "width": "1",
      "isVector": "true"
    },
    "m_axi_DATA3_ARVALID": {
      "dir": "out",
      "width": "1"
    },
    "m_axi_DATA3_ARREADY": {
      "dir": "in",
      "width": "1"
    },
    "m_axi_DATA3_ARADDR": {
      "dir": "out",
      "width": "64"
    },
    "m_axi_DATA3_ARID": {
      "dir": "out",
      "width": "1",
      "isVector": "true"
    },
    "m_axi_DATA3_ARLEN": {
      "dir": "out",
      "width": "8"
    },
    "m_axi_DATA3_ARSIZE": {
      "dir": "out",
      "width": "3"
    },
    "m_axi_DATA3_ARBURST": {
      "dir": "out",
      "width": "2"
    },
    "m_axi_DATA3_ARLOCK": {
      "dir": "out",
      "width": "2"
    },
    "m_axi_DATA3_ARCACHE": {
      "dir": "out",
      "width": "4"
    },
    "m_axi_DATA3_ARPROT": {
      "dir": "out",
      "width": "3"
    },
    "m_axi_DATA3_ARQOS": {
      "dir": "out",
      "width": "4"
    },
    "m_axi_DATA3_ARREGION": {
      "dir": "out",
      "width": "4"
    },
    "m_axi_DATA3_ARUSER": {
      "dir": "out",
      "width": "1",
      "isVector": "true"
    },
    "m_axi_DATA3_RVALID": {
      "dir": "in",
      "width": "1"
    },
    "m_axi_DATA3_RREADY": {
      "dir": "out",
      "width": "1"
    },
    "m_axi_DATA3_RDATA": {
      "dir": "in",
      "width": "32"
    },
    "m_axi_DATA3_RLAST": {
      "dir": "in",
      "width": "1"
    },
    "m_axi_DATA3_RID": {
      "dir": "in",
      "width": "1",
      "isVector": "true"
    },
    "m_axi_DATA3_RUSER": {
      "dir": "in",
      "width": "1",
      "isVector": "true"
    },
    "m_axi_DATA3_RRESP": {
      "dir": "in",
      "width": "2"
    },
    "m_axi_DATA3_BVALID": {
      "dir": "in",
      "width": "1"
    },
    "m_axi_DATA3_BREADY": {
      "dir": "out",
      "width": "1"
    },
    "m_axi_DATA3_BRESP": {
      "dir": "in",
      "width": "2"
    },
    "m_axi_DATA3_BID": {
      "dir": "in",
      "width": "1",
      "isVector": "true"
    },
    "m_axi_DATA3_BUSER": {
      "dir": "in",
      "width": "1",
      "isVector": "true"
    }
  },
  "ModuleInfo": {
    "Hierarchy": {
      "ModuleName": "vector_add",
      "Instances": [
        {
          "ModuleName": "vector_add_Pipeline_VITIS_LOOP_15_1",
          "InstanceName": "grp_vector_add_Pipeline_VITIS_LOOP_15_1_fu_128"
        },
        {
          "ModuleName": "vector_add_Pipeline_VITIS_LOOP_22_2",
          "InstanceName": "grp_vector_add_Pipeline_VITIS_LOOP_22_2_fu_141"
        },
        {
          "ModuleName": "vector_add_Pipeline_VITIS_LOOP_27_3",
          "InstanceName": "grp_vector_add_Pipeline_VITIS_LOOP_27_3_fu_148"
        }
      ]
    },
    "Info": {
      "vector_add_Pipeline_VITIS_LOOP_15_1": {
        "FunctionProtocol": "ap_ctrl_hs",
        "isTaskLevelControl": "0",
        "isPipelined": "1",
        "isCombinational": "0",
        "isOneStateSeq": "0"
      },
      "vector_add_Pipeline_VITIS_LOOP_22_2": {
        "FunctionProtocol": "ap_ctrl_hs",
        "isTaskLevelControl": "0",
        "isPipelined": "1",
        "isCombinational": "0",
        "isOneStateSeq": "0"
      },
      "vector_add_Pipeline_VITIS_LOOP_27_3": {
        "FunctionProtocol": "ap_ctrl_hs",
        "isTaskLevelControl": "0",
        "isPipelined": "1",
        "isCombinational": "0",
        "isOneStateSeq": "0"
      },
      "vector_add": {
        "FunctionProtocol": "ap_ctrl_hs",
        "isTaskLevelControl": "0",
        "isPipelined": "0",
        "isCombinational": "0",
        "isOneStateSeq": "0"
      }
    },
    "Metrics": {
      "vector_add_Pipeline_VITIS_LOOP_15_1": {
        "Latency": {
          "LatencyBest": "1027",
          "LatencyAvg": "1027",
          "LatencyWorst": "1027",
          "PipelineII": "1027",
          "PipelineDepth": "",
          "PipelineType": "no"
        },
        "Timing": {
          "Target": "10.00",
          "Uncertainty": "2.70",
          "Estimate": "7.300"
        },
        "Loops": [{
            "Name": "VITIS_LOOP_15_1",
            "TripCount": "1024",
            "Latency": "1025",
            "PipelineII": "1",
            "PipelineDepth": "3"
          }],
        "Area": {
          "FF": "103",
          "AVAIL_FF": "106400",
          "UTIL_FF": "~0",
          "LUT": "84",
          "AVAIL_LUT": "53200",
          "UTIL_LUT": "~0",
          "BRAM_18K": "0",
          "AVAIL_BRAM": "280",
          "UTIL_BRAM": "0",
          "DSP": "0",
          "AVAIL_DSP": "220",
          "UTIL_DSP": "0",
          "URAM": "0",
          "AVAIL_URAM": "0",
          "UTIL_URAM": "0"
        }
      },
      "vector_add_Pipeline_VITIS_LOOP_22_2": {
        "Latency": {
          "LatencyBest": "1027",
          "LatencyAvg": "1027",
          "LatencyWorst": "1027",
          "PipelineII": "1027",
          "PipelineDepth": "",
          "PipelineType": "no"
        },
        "Timing": {
          "Target": "10.00",
          "Uncertainty": "2.70",
          "Estimate": "5.806"
        },
        "Loops": [{
            "Name": "VITIS_LOOP_22_2",
            "TripCount": "1024",
            "Latency": "1025",
            "PipelineII": "1",
            "PipelineDepth": "3"
          }],
        "Area": {
          "FF": "70",
          "AVAIL_FF": "106400",
          "UTIL_FF": "~0",
          "LUT": "101",
          "AVAIL_LUT": "53200",
          "UTIL_LUT": "~0",
          "BRAM_18K": "0",
          "AVAIL_BRAM": "280",
          "UTIL_BRAM": "0",
          "DSP": "0",
          "AVAIL_DSP": "220",
          "UTIL_DSP": "0",
          "URAM": "0",
          "AVAIL_URAM": "0",
          "UTIL_URAM": "0"
        }
      },
      "vector_add_Pipeline_VITIS_LOOP_27_3": {
        "Latency": {
          "LatencyBest": "1027",
          "LatencyAvg": "1027",
          "LatencyWorst": "1027",
          "PipelineII": "1027",
          "PipelineDepth": "",
          "PipelineType": "no"
        },
        "Timing": {
          "Target": "10.00",
          "Uncertainty": "2.70",
          "Estimate": "7.300"
        },
        "Loops": [{
            "Name": "VITIS_LOOP_27_3",
            "TripCount": "1024",
            "Latency": "1025",
            "PipelineII": "1",
            "PipelineDepth": "3"
          }],
        "Area": {
          "FF": "49",
          "AVAIL_FF": "106400",
          "UTIL_FF": "~0",
          "LUT": "73",
          "AVAIL_LUT": "53200",
          "UTIL_LUT": "~0",
          "BRAM_18K": "0",
          "AVAIL_BRAM": "280",
          "UTIL_BRAM": "0",
          "DSP": "0",
          "AVAIL_DSP": "220",
          "UTIL_DSP": "0",
          "URAM": "0",
          "AVAIL_URAM": "0",
          "UTIL_URAM": "0"
        }
      },
      "vector_add": {
        "Latency": {
          "LatencyBest": "3099",
          "LatencyAvg": "3099",
          "LatencyWorst": "3099",
          "PipelineII": "3100",
          "PipelineDepth": "",
          "PipelineType": "no"
        },
        "Timing": {
          "Target": "10.00",
          "Uncertainty": "2.70",
          "Estimate": "7.300"
        },
        "Area": {
          "BRAM_18K": "18",
          "AVAIL_BRAM": "280",
          "UTIL_BRAM": "6",
          "FF": "2274",
          "AVAIL_FF": "106400",
          "UTIL_FF": "2",
          "LUT": "3216",
          "AVAIL_LUT": "53200",
          "UTIL_LUT": "6",
          "URAM": "0",
          "AVAIL_URAM": "0",
          "UTIL_URAM": "0",
          "DSP": "0",
          "AVAIL_DSP": "220",
          "UTIL_DSP": "0"
        }
      }
    }
  },
  "GenerateBdFiles": "0",
  "GenData": {
    "DataVersion": "0.2",
    "Time": "2022-03-04 12:58:27 -0800",
    "ToolName": "vitis_hls",
    "ToolVersion": "2021.1"
  }
}
