<?xml version="1.0" encoding="utf-8"?>
<Messages>
	<Message severity="INFO" prefix="[HLS 200-111]" key="HLS_111_966" tag="RUNTIME" content="Finished File checks and directory preparation: CPU user time: 0 seconds. CPU system time: 0 seconds. Elapsed time: 0.036 seconds; current allocated memory: 1012.226 MB." resolution=""/>
	<Message severity="INFO" prefix="[HLS 200-10]" key="HLS_10_1312" tag="" content="Analyzing design file &apos;Vector_Addition/vector_add.c&apos; ..." resolution=""/>
	<Message severity="WARNING" prefix="[HLS 207-5528]" key="HLS 207-5528" tag="" content="Ignore interface attribute or pragma which is not used in top function: Vector_Addition/vector_add.c:8:9" resolution=""/>
	<Message severity="INFO" prefix="[HLS 200-111]" key="HLS_111_966" tag="RUNTIME" content="Finished Source Code Analysis and Preprocessing: CPU user time: 1 seconds. CPU system time: 1 seconds. Elapsed time: 3.088 seconds; current allocated memory: 122.268 MB." resolution=""/>
	<Message severity="INFO" prefix="[HLS 200-777]" key="HLS 200-777" tag="" content="Using interface defaults for &apos;Vivado&apos; flow target." resolution=""/>
	<Message severity="INFO" prefix="[HLS 214-279]" key="HLS 214-279" tag="" content="Initial Interval estimation mode is set into default." resolution=""/>
	<Message severity="INFO" prefix="[HLS 214-284]" key="HLS 214-284" tag="" content="Auto array partition mode is set into default." resolution=""/>
	<Message severity="INFO" prefix="[HLS 214-270]" key="HLS 214-270" tag="" content="Starting automatic array partition analysis..." resolution=""/>
	<Message severity="INFO" prefix="[HLS 214-115]" key="HLS 214-115" tag="VITIS_INTERFACE" content="Multiple burst reads of length 1024 and bit width 32 in loop &apos;VITIS_LOOP_15_1&apos;(Vector_Addition/vector_add.c:15:19) has been inferred on port &apos;DATA1&apos;. These bursts requests might be further partitioned into multiple requests during RTL generation, based on max_read_burst_length or max_write_burst_length settings. (Vector_Addition/vector_add.c:15:19)" resolution=""/>
	<Message severity="INFO" prefix="[HLS 214-115]" key="HLS 214-115" tag="VITIS_INTERFACE" content="Multiple burst reads of length 1024 and bit width 32 in loop &apos;VITIS_LOOP_15_1&apos;(Vector_Addition/vector_add.c:15:19) has been inferred on port &apos;DATA2&apos;. These bursts requests might be further partitioned into multiple requests during RTL generation, based on max_read_burst_length or max_write_burst_length settings. (Vector_Addition/vector_add.c:15:19)" resolution=""/>
	<Message severity="INFO" prefix="[HLS 214-115]" key="HLS 214-115" tag="VITIS_INTERFACE" content="Multiple burst writes of length 1024 and bit width 32 in loop &apos;VITIS_LOOP_27_3&apos;(Vector_Addition/vector_add.c:27:19) has been inferred on port &apos;DATA3&apos;. These bursts requests might be further partitioned into multiple requests during RTL generation, based on max_read_burst_length or max_write_burst_length settings. (Vector_Addition/vector_add.c:27:19)" resolution=""/>
	<Message severity="INFO" prefix="[HLS 200-111]" key="HLS_111_966" tag="RUNTIME" content="Finished Compiling Optimization and Transform: CPU user time: 0 seconds. CPU system time: 0 seconds. Elapsed time: 5.337 seconds; current allocated memory: 123.954 MB." resolution=""/>
	<Message severity="INFO" prefix="[HLS 200-111]" key="HLS_111_966" tag="RUNTIME" content="Finished Checking Pragmas: CPU user time: 0 seconds. CPU system time: 0 seconds. Elapsed time: 0.024 seconds; current allocated memory: 123.955 MB." resolution=""/>
	<Message severity="INFO" prefix="[HLS 200-10]" key="HLS_10_1467" tag="" content="Starting code transformations ..." resolution=""/>
	<Message severity="INFO" prefix="[HLS 200-111]" key="HLS_111_966" tag="RUNTIME" content="Finished Standard Transforms: CPU user time: 1 seconds. CPU system time: 0 seconds. Elapsed time: 0.061 seconds; current allocated memory: 125.323 MB." resolution=""/>
	<Message severity="INFO" prefix="[HLS 200-10]" key="HLS_10_1472" tag="" content="Checking synthesizability ..." resolution=""/>
	<Message severity="INFO" prefix="[HLS 200-111]" key="HLS_111_966" tag="RUNTIME" content="Finished Checking Synthesizability: CPU user time: 0 seconds. CPU system time: 0 seconds. Elapsed time: 0.058 seconds; current allocated memory: 124.601 MB." resolution=""/>
	<Message severity="INFO" prefix="[XFORM 203-510]" key="XFORM_AUTO_PIPELINE_STATUS_244" tag="" content="Pipelining loop &apos;VITIS_LOOP_15_1&apos; (Vector_Addition/vector_add.c:10) in function &apos;vector_add&apos; automatically." resolution=""/>
	<Message severity="INFO" prefix="[XFORM 203-510]" key="XFORM_AUTO_PIPELINE_STATUS_244" tag="" content="Pipelining loop &apos;VITIS_LOOP_22_2&apos; (Vector_Addition/vector_add.c:10) in function &apos;vector_add&apos; automatically." resolution=""/>
	<Message severity="INFO" prefix="[XFORM 203-510]" key="XFORM_AUTO_PIPELINE_STATUS_244" tag="" content="Pipelining loop &apos;VITIS_LOOP_27_3&apos; (Vector_Addition/vector_add.c:10) in function &apos;vector_add&apos; automatically." resolution=""/>
	<Message severity="INFO" prefix="[HLS 200-111]" key="HLS_111_966" tag="RUNTIME" content="Finished Loop, function and other optimizations: CPU user time: 0 seconds. CPU system time: 0 seconds. Elapsed time: 0.157 seconds; current allocated memory: 145.050 MB." resolution=""/>
	<Message severity="INFO" prefix="[HLS 200-472]" key="HLS 200-472" tag="" content="Inferring partial write operation for &apos;arrayC&apos; (Vector_Addition/vector_add.c:24:13)" resolution=""/>
	<Message severity="INFO" prefix="[HLS 200-472]" key="HLS 200-472" tag="" content="Inferring partial write operation for &apos;arrayA&apos; (Vector_Addition/vector_add.c:17:13)" resolution=""/>
	<Message severity="INFO" prefix="[HLS 200-472]" key="HLS 200-472" tag="" content="Inferring partial write operation for &apos;arrayB&apos; (Vector_Addition/vector_add.c:18:13)" resolution=""/>
	<Message severity="INFO" prefix="[HLS 200-472]" key="HLS 200-472" tag="" content="Inferring partial write operation for &apos;arrayC&apos; (Vector_Addition/vector_add.c:19:13)" resolution=""/>
	<Message severity="INFO" prefix="[HLS 200-111]" key="HLS_111_966" tag="RUNTIME" content="Finished Architecture Synthesis: CPU user time: 0 seconds. CPU system time: 0 seconds. Elapsed time: 0.121 seconds; current allocated memory: 166.625 MB." resolution=""/>
	<Message severity="INFO" prefix="[HLS 200-10]" key="HLS_10_1317" tag="" content="Starting hardware synthesis ..." resolution=""/>
	<Message severity="INFO" prefix="[HLS 200-10]" key="HLS_10_1385" tag="" content="Synthesizing &apos;vector_add&apos; ..." resolution=""/>
	<Message severity="INFO" prefix="[HLS 200-10]" key="HLS_10_1477" tag="" content="----------------------------------------------------------------" resolution=""/>
	<Message severity="INFO" prefix="[HLS 200-42]" key="HLS_42_1438" tag="" content="-- Implementing module &apos;vector_add_Pipeline_VITIS_LOOP_15_1&apos;" resolution=""/>
	<Message severity="INFO" prefix="[HLS 200-10]" key="HLS_10_1478" tag="" content="----------------------------------------------------------------" resolution=""/>
	<Message severity="INFO" prefix="[SCHED 204-11]" key="SCHED_SCHED_STATUS_597" tag="" content="Starting scheduling ..." resolution=""/>
	<Message severity="INFO" prefix="[SCHED 204-61]" key="SCHED_PIPELINING_STATUS_41" tag="" content="Pipelining loop &apos;VITIS_LOOP_15_1&apos;." resolution=""/>
	<Message severity="INFO" prefix="[HLS 200-1470]" key="HLS 200-1470" tag="SCHEDULE,VITIS_THROUGHPUT" content="Pipelining result : Target II = NA, Final II = 1, Depth = 3, loop &apos;VITIS_LOOP_15_1&apos;" resolution=""/>
	<Message severity="INFO" prefix="[SCHED 204-11]" key="SCHED_SCHED_STATUS_596" tag="" content="Finished scheduling." resolution=""/>
	<Message severity="INFO" prefix="[HLS 200-111]" key="HLS_111_966" tag="RUNTIME" content="Finished Scheduling: CPU user time: 0 seconds. CPU system time: 0 seconds. Elapsed time: 0.221 seconds; current allocated memory: 166.871 MB." resolution=""/>
	<Message severity="INFO" prefix="[BIND 205-100]" key="BIND_100_926" tag="" content="Starting micro-architecture generation ..." resolution=""/>
	<Message severity="INFO" prefix="[BIND 205-101]" key="BIND_101_698" tag="" content="Performing variable lifetime analysis." resolution=""/>
	<Message severity="INFO" prefix="[BIND 205-101]" key="BIND_101_697" tag="" content="Exploring resource sharing." resolution=""/>
	<Message severity="INFO" prefix="[BIND 205-101]" key="BIND_101_693" tag="" content="Binding ..." resolution=""/>
	<Message severity="INFO" prefix="[BIND 205-100]" key="BIND_100_925" tag="" content="Finished micro-architecture generation." resolution=""/>
	<Message severity="INFO" prefix="[HLS 200-111]" key="HLS_111_966" tag="RUNTIME" content="Finished Binding: CPU user time: 0 seconds. CPU system time: 0 seconds. Elapsed time: 0.076 seconds; current allocated memory: 167.019 MB." resolution=""/>
	<Message severity="INFO" prefix="[HLS 200-10]" key="HLS_10_1477" tag="" content="----------------------------------------------------------------" resolution=""/>
	<Message severity="INFO" prefix="[HLS 200-42]" key="HLS_42_1438" tag="" content="-- Implementing module &apos;vector_add_Pipeline_VITIS_LOOP_22_2&apos;" resolution=""/>
	<Message severity="INFO" prefix="[HLS 200-10]" key="HLS_10_1478" tag="" content="----------------------------------------------------------------" resolution=""/>
	<Message severity="INFO" prefix="[SCHED 204-11]" key="SCHED_SCHED_STATUS_597" tag="" content="Starting scheduling ..." resolution=""/>
	<Message severity="INFO" prefix="[SCHED 204-61]" key="SCHED_PIPELINING_STATUS_41" tag="" content="Pipelining loop &apos;VITIS_LOOP_22_2&apos;." resolution=""/>
	<Message severity="INFO" prefix="[HLS 200-1470]" key="HLS 200-1470" tag="SCHEDULE,VITIS_THROUGHPUT" content="Pipelining result : Target II = NA, Final II = 1, Depth = 3, loop &apos;VITIS_LOOP_22_2&apos;" resolution=""/>
	<Message severity="INFO" prefix="[SCHED 204-11]" key="SCHED_SCHED_STATUS_596" tag="" content="Finished scheduling." resolution=""/>
	<Message severity="INFO" prefix="[HLS 200-111]" key="HLS_111_966" tag="RUNTIME" content="Finished Scheduling: CPU user time: 0 seconds. CPU system time: 0 seconds. Elapsed time: 0.097 seconds; current allocated memory: 167.149 MB." resolution=""/>
	<Message severity="INFO" prefix="[BIND 205-100]" key="BIND_100_926" tag="" content="Starting micro-architecture generation ..." resolution=""/>
	<Message severity="INFO" prefix="[BIND 205-101]" key="BIND_101_698" tag="" content="Performing variable lifetime analysis." resolution=""/>
	<Message severity="INFO" prefix="[BIND 205-101]" key="BIND_101_697" tag="" content="Exploring resource sharing." resolution=""/>
	<Message severity="INFO" prefix="[BIND 205-101]" key="BIND_101_693" tag="" content="Binding ..." resolution=""/>
	<Message severity="INFO" prefix="[BIND 205-100]" key="BIND_100_925" tag="" content="Finished micro-architecture generation." resolution=""/>
	<Message severity="INFO" prefix="[HLS 200-111]" key="HLS_111_966" tag="RUNTIME" content="Finished Binding: CPU user time: 0 seconds. CPU system time: 0 seconds. Elapsed time: 0.074 seconds; current allocated memory: 167.284 MB." resolution=""/>
	<Message severity="INFO" prefix="[HLS 200-10]" key="HLS_10_1477" tag="" content="----------------------------------------------------------------" resolution=""/>
	<Message severity="INFO" prefix="[HLS 200-42]" key="HLS_42_1438" tag="" content="-- Implementing module &apos;vector_add_Pipeline_VITIS_LOOP_27_3&apos;" resolution=""/>
	<Message severity="INFO" prefix="[HLS 200-10]" key="HLS_10_1478" tag="" content="----------------------------------------------------------------" resolution=""/>
	<Message severity="INFO" prefix="[SCHED 204-11]" key="SCHED_SCHED_STATUS_597" tag="" content="Starting scheduling ..." resolution=""/>
	<Message severity="INFO" prefix="[SCHED 204-61]" key="SCHED_PIPELINING_STATUS_41" tag="" content="Pipelining loop &apos;VITIS_LOOP_27_3&apos;." resolution=""/>
	<Message severity="INFO" prefix="[HLS 200-1470]" key="HLS 200-1470" tag="SCHEDULE,VITIS_THROUGHPUT" content="Pipelining result : Target II = NA, Final II = 1, Depth = 3, loop &apos;VITIS_LOOP_27_3&apos;" resolution=""/>
	<Message severity="INFO" prefix="[SCHED 204-11]" key="SCHED_SCHED_STATUS_596" tag="" content="Finished scheduling." resolution=""/>
	<Message severity="INFO" prefix="[HLS 200-111]" key="HLS_111_966" tag="RUNTIME" content="Finished Scheduling: CPU user time: 0 seconds. CPU system time: 0 seconds. Elapsed time: 0.098 seconds; current allocated memory: 167.366 MB." resolution=""/>
	<Message severity="INFO" prefix="[BIND 205-100]" key="BIND_100_926" tag="" content="Starting micro-architecture generation ..." resolution=""/>
	<Message severity="INFO" prefix="[BIND 205-101]" key="BIND_101_698" tag="" content="Performing variable lifetime analysis." resolution=""/>
	<Message severity="INFO" prefix="[BIND 205-101]" key="BIND_101_697" tag="" content="Exploring resource sharing." resolution=""/>
	<Message severity="INFO" prefix="[BIND 205-101]" key="BIND_101_693" tag="" content="Binding ..." resolution=""/>
	<Message severity="INFO" prefix="[BIND 205-100]" key="BIND_100_925" tag="" content="Finished micro-architecture generation." resolution=""/>
	<Message severity="INFO" prefix="[HLS 200-111]" key="HLS_111_966" tag="RUNTIME" content="Finished Binding: CPU user time: 0 seconds. CPU system time: 0 seconds. Elapsed time: 0.073 seconds; current allocated memory: 167.463 MB." resolution=""/>
	<Message severity="INFO" prefix="[HLS 200-10]" key="HLS_10_1477" tag="" content="----------------------------------------------------------------" resolution=""/>
	<Message severity="INFO" prefix="[HLS 200-42]" key="HLS_42_1438" tag="" content="-- Implementing module &apos;vector_add&apos;" resolution=""/>
	<Message severity="INFO" prefix="[HLS 200-10]" key="HLS_10_1478" tag="" content="----------------------------------------------------------------" resolution=""/>
	<Message severity="INFO" prefix="[SCHED 204-11]" key="SCHED_SCHED_STATUS_597" tag="" content="Starting scheduling ..." resolution=""/>
	<Message severity="INFO" prefix="[SCHED 204-11]" key="SCHED_SCHED_STATUS_596" tag="" content="Finished scheduling." resolution=""/>
	<Message severity="INFO" prefix="[HLS 200-111]" key="HLS_111_966" tag="RUNTIME" content="Finished Scheduling: CPU user time: 0 seconds. CPU system time: 0 seconds. Elapsed time: 0.114 seconds; current allocated memory: 167.591 MB." resolution=""/>
	<Message severity="INFO" prefix="[BIND 205-100]" key="BIND_100_926" tag="" content="Starting micro-architecture generation ..." resolution=""/>
	<Message severity="INFO" prefix="[BIND 205-101]" key="BIND_101_698" tag="" content="Performing variable lifetime analysis." resolution=""/>
	<Message severity="INFO" prefix="[BIND 205-101]" key="BIND_101_697" tag="" content="Exploring resource sharing." resolution=""/>
	<Message severity="INFO" prefix="[BIND 205-101]" key="BIND_101_693" tag="" content="Binding ..." resolution=""/>
	<Message severity="INFO" prefix="[BIND 205-100]" key="BIND_100_925" tag="" content="Finished micro-architecture generation." resolution=""/>
	<Message severity="INFO" prefix="[HLS 200-111]" key="HLS_111_966" tag="RUNTIME" content="Finished Binding: CPU user time: 0 seconds. CPU system time: 0 seconds. Elapsed time: 0.154 seconds; current allocated memory: 167.806 MB." resolution=""/>
	<Message severity="INFO" prefix="[HLS 200-10]" key="HLS_10_1483" tag="" content="----------------------------------------------------------------" resolution=""/>
	<Message severity="INFO" prefix="[HLS 200-10]" key="HLS_10_1484" tag="" content="-- Generating RTL for module &apos;vector_add_Pipeline_VITIS_LOOP_15_1&apos;" resolution=""/>
	<Message severity="INFO" prefix="[HLS 200-10]" key="HLS_10_1485" tag="" content="----------------------------------------------------------------" resolution=""/>
	<Message severity="INFO" prefix="[HLS 200-1030]" key="HLS 200-1030" tag="" content="Apply Unified Pipeline Control on module &apos;vector_add_Pipeline_VITIS_LOOP_15_1&apos; pipeline &apos;VITIS_LOOP_15_1&apos; pipeline type &apos;loop pipeline&apos;" resolution=""/>
	<Message severity="WARNING" prefix="[RTGEN 206-101]" key="RTGEN_101_739" tag="" content="Setting dangling out port &apos;vector_add_Pipeline_VITIS_LOOP_15_1/m_axi_DATA1_ARVALID&apos; to 0." resolution=""/>
	<Message severity="WARNING" prefix="[RTGEN 206-101]" key="RTGEN_101_739" tag="" content="Setting dangling out port &apos;vector_add_Pipeline_VITIS_LOOP_15_1/m_axi_DATA1_ARADDR&apos; to 0." resolution=""/>
	<Message severity="WARNING" prefix="[RTGEN 206-101]" key="RTGEN_101_739" tag="" content="Setting dangling out port &apos;vector_add_Pipeline_VITIS_LOOP_15_1/m_axi_DATA1_ARID&apos; to 0." resolution=""/>
	<Message severity="WARNING" prefix="[RTGEN 206-101]" key="RTGEN_101_739" tag="" content="Setting dangling out port &apos;vector_add_Pipeline_VITIS_LOOP_15_1/m_axi_DATA1_ARLEN&apos; to 0." resolution=""/>
	<Message severity="WARNING" prefix="[RTGEN 206-101]" key="RTGEN_101_739" tag="" content="Setting dangling out port &apos;vector_add_Pipeline_VITIS_LOOP_15_1/m_axi_DATA1_ARSIZE&apos; to 0." resolution=""/>
	<Message severity="WARNING" prefix="[RTGEN 206-101]" key="RTGEN_101_739" tag="" content="Setting dangling out port &apos;vector_add_Pipeline_VITIS_LOOP_15_1/m_axi_DATA1_ARBURST&apos; to 0." resolution=""/>
	<Message severity="WARNING" prefix="[RTGEN 206-101]" key="RTGEN_101_739" tag="" content="Setting dangling out port &apos;vector_add_Pipeline_VITIS_LOOP_15_1/m_axi_DATA1_ARLOCK&apos; to 0." resolution=""/>
	<Message severity="WARNING" prefix="[RTGEN 206-101]" key="RTGEN_101_739" tag="" content="Setting dangling out port &apos;vector_add_Pipeline_VITIS_LOOP_15_1/m_axi_DATA1_ARCACHE&apos; to 0." resolution=""/>
	<Message severity="WARNING" prefix="[RTGEN 206-101]" key="RTGEN_101_739" tag="" content="Setting dangling out port &apos;vector_add_Pipeline_VITIS_LOOP_15_1/m_axi_DATA1_ARPROT&apos; to 0." resolution=""/>
	<Message severity="WARNING" prefix="[RTGEN 206-101]" key="RTGEN_101_739" tag="" content="Setting dangling out port &apos;vector_add_Pipeline_VITIS_LOOP_15_1/m_axi_DATA1_ARQOS&apos; to 0." resolution=""/>
	<Message severity="WARNING" prefix="[RTGEN 206-101]" key="RTGEN_101_739" tag="" content="Setting dangling out port &apos;vector_add_Pipeline_VITIS_LOOP_15_1/m_axi_DATA1_ARREGION&apos; to 0." resolution=""/>
	<Message severity="WARNING" prefix="[RTGEN 206-101]" key="RTGEN_101_739" tag="" content="Setting dangling out port &apos;vector_add_Pipeline_VITIS_LOOP_15_1/m_axi_DATA1_ARUSER&apos; to 0." resolution=""/>
	<Message severity="WARNING" prefix="[RTGEN 206-101]" key="RTGEN_101_739" tag="" content="Setting dangling out port &apos;vector_add_Pipeline_VITIS_LOOP_15_1/m_axi_DATA2_ARVALID&apos; to 0." resolution=""/>
	<Message severity="WARNING" prefix="[RTGEN 206-101]" key="RTGEN_101_739" tag="" content="Setting dangling out port &apos;vector_add_Pipeline_VITIS_LOOP_15_1/m_axi_DATA2_ARADDR&apos; to 0." resolution=""/>
	<Message severity="WARNING" prefix="[RTGEN 206-101]" key="RTGEN_101_739" tag="" content="Setting dangling out port &apos;vector_add_Pipeline_VITIS_LOOP_15_1/m_axi_DATA2_ARID&apos; to 0." resolution=""/>
	<Message severity="WARNING" prefix="[RTGEN 206-101]" key="RTGEN_101_739" tag="" content="Setting dangling out port &apos;vector_add_Pipeline_VITIS_LOOP_15_1/m_axi_DATA2_ARLEN&apos; to 0." resolution=""/>
	<Message severity="WARNING" prefix="[RTGEN 206-101]" key="RTGEN_101_739" tag="" content="Setting dangling out port &apos;vector_add_Pipeline_VITIS_LOOP_15_1/m_axi_DATA2_ARSIZE&apos; to 0." resolution=""/>
	<Message severity="WARNING" prefix="[RTGEN 206-101]" key="RTGEN_101_739" tag="" content="Setting dangling out port &apos;vector_add_Pipeline_VITIS_LOOP_15_1/m_axi_DATA2_ARBURST&apos; to 0." resolution=""/>
	<Message severity="WARNING" prefix="[RTGEN 206-101]" key="RTGEN_101_739" tag="" content="Setting dangling out port &apos;vector_add_Pipeline_VITIS_LOOP_15_1/m_axi_DATA2_ARLOCK&apos; to 0." resolution=""/>
	<Message severity="WARNING" prefix="[RTGEN 206-101]" key="RTGEN_101_739" tag="" content="Setting dangling out port &apos;vector_add_Pipeline_VITIS_LOOP_15_1/m_axi_DATA2_ARCACHE&apos; to 0." resolution=""/>
	<Message severity="WARNING" prefix="[RTGEN 206-101]" key="RTGEN_101_739" tag="" content="Setting dangling out port &apos;vector_add_Pipeline_VITIS_LOOP_15_1/m_axi_DATA2_ARPROT&apos; to 0." resolution=""/>
	<Message severity="WARNING" prefix="[RTGEN 206-101]" key="RTGEN_101_739" tag="" content="Setting dangling out port &apos;vector_add_Pipeline_VITIS_LOOP_15_1/m_axi_DATA2_ARQOS&apos; to 0." resolution=""/>
	<Message severity="WARNING" prefix="[RTGEN 206-101]" key="RTGEN_101_739" tag="" content="Setting dangling out port &apos;vector_add_Pipeline_VITIS_LOOP_15_1/m_axi_DATA2_ARREGION&apos; to 0." resolution=""/>
	<Message severity="WARNING" prefix="[RTGEN 206-101]" key="RTGEN_101_739" tag="" content="Setting dangling out port &apos;vector_add_Pipeline_VITIS_LOOP_15_1/m_axi_DATA2_ARUSER&apos; to 0." resolution=""/>
	<Message severity="INFO" prefix="[RTGEN 206-100]" key="RTGEN_100_856" tag="" content="Finished creating RTL model for &apos;vector_add_Pipeline_VITIS_LOOP_15_1&apos;." resolution=""/>
	<Message severity="INFO" prefix="[HLS 200-111]" key="HLS_111_966" tag="RUNTIME" content="Finished Creating RTL model: CPU user time: 1 seconds. CPU system time: 0 seconds. Elapsed time: 0.932 seconds; current allocated memory: 168.351 MB." resolution=""/>
	<Message severity="INFO" prefix="[HLS 200-10]" key="HLS_10_1483" tag="" content="----------------------------------------------------------------" resolution=""/>
	<Message severity="INFO" prefix="[HLS 200-10]" key="HLS_10_1484" tag="" content="-- Generating RTL for module &apos;vector_add_Pipeline_VITIS_LOOP_22_2&apos;" resolution=""/>
	<Message severity="INFO" prefix="[HLS 200-10]" key="HLS_10_1485" tag="" content="----------------------------------------------------------------" resolution=""/>
	<Message severity="INFO" prefix="[HLS 200-1030]" key="HLS 200-1030" tag="" content="Apply Unified Pipeline Control on module &apos;vector_add_Pipeline_VITIS_LOOP_22_2&apos; pipeline &apos;VITIS_LOOP_22_2&apos; pipeline type &apos;loop pipeline&apos;" resolution=""/>
	<Message severity="INFO" prefix="[RTGEN 206-100]" key="RTGEN_100_856" tag="" content="Finished creating RTL model for &apos;vector_add_Pipeline_VITIS_LOOP_22_2&apos;." resolution=""/>
	<Message severity="INFO" prefix="[HLS 200-111]" key="HLS_111_966" tag="RUNTIME" content="Finished Creating RTL model: CPU user time: 0 seconds. CPU system time: 0 seconds. Elapsed time: 0.209 seconds; current allocated memory: 169.237 MB." resolution=""/>
	<Message severity="INFO" prefix="[HLS 200-10]" key="HLS_10_1483" tag="" content="----------------------------------------------------------------" resolution=""/>
	<Message severity="INFO" prefix="[HLS 200-10]" key="HLS_10_1484" tag="" content="-- Generating RTL for module &apos;vector_add_Pipeline_VITIS_LOOP_27_3&apos;" resolution=""/>
	<Message severity="INFO" prefix="[HLS 200-10]" key="HLS_10_1485" tag="" content="----------------------------------------------------------------" resolution=""/>
	<Message severity="INFO" prefix="[HLS 200-1030]" key="HLS 200-1030" tag="" content="Apply Unified Pipeline Control on module &apos;vector_add_Pipeline_VITIS_LOOP_27_3&apos; pipeline &apos;VITIS_LOOP_27_3&apos; pipeline type &apos;loop pipeline&apos;" resolution=""/>
	<Message severity="WARNING" prefix="[RTGEN 206-101]" key="RTGEN_101_739" tag="" content="Setting dangling out port &apos;vector_add_Pipeline_VITIS_LOOP_27_3/m_axi_DATA3_AWVALID&apos; to 0." resolution=""/>
	<Message severity="WARNING" prefix="[RTGEN 206-101]" key="RTGEN_101_739" tag="" content="Setting dangling out port &apos;vector_add_Pipeline_VITIS_LOOP_27_3/m_axi_DATA3_AWADDR&apos; to 0." resolution=""/>
	<Message severity="WARNING" prefix="[RTGEN 206-101]" key="RTGEN_101_739" tag="" content="Setting dangling out port &apos;vector_add_Pipeline_VITIS_LOOP_27_3/m_axi_DATA3_AWID&apos; to 0." resolution=""/>
	<Message severity="WARNING" prefix="[RTGEN 206-101]" key="RTGEN_101_739" tag="" content="Setting dangling out port &apos;vector_add_Pipeline_VITIS_LOOP_27_3/m_axi_DATA3_AWLEN&apos; to 0." resolution=""/>
	<Message severity="WARNING" prefix="[RTGEN 206-101]" key="RTGEN_101_739" tag="" content="Setting dangling out port &apos;vector_add_Pipeline_VITIS_LOOP_27_3/m_axi_DATA3_AWSIZE&apos; to 0." resolution=""/>
	<Message severity="WARNING" prefix="[RTGEN 206-101]" key="RTGEN_101_739" tag="" content="Setting dangling out port &apos;vector_add_Pipeline_VITIS_LOOP_27_3/m_axi_DATA3_AWBURST&apos; to 0." resolution=""/>
	<Message severity="WARNING" prefix="[RTGEN 206-101]" key="RTGEN_101_739" tag="" content="Setting dangling out port &apos;vector_add_Pipeline_VITIS_LOOP_27_3/m_axi_DATA3_AWLOCK&apos; to 0." resolution=""/>
	<Message severity="WARNING" prefix="[RTGEN 206-101]" key="RTGEN_101_739" tag="" content="Setting dangling out port &apos;vector_add_Pipeline_VITIS_LOOP_27_3/m_axi_DATA3_AWCACHE&apos; to 0." resolution=""/>
	<Message severity="WARNING" prefix="[RTGEN 206-101]" key="RTGEN_101_739" tag="" content="Setting dangling out port &apos;vector_add_Pipeline_VITIS_LOOP_27_3/m_axi_DATA3_AWPROT&apos; to 0." resolution=""/>
	<Message severity="WARNING" prefix="[RTGEN 206-101]" key="RTGEN_101_739" tag="" content="Setting dangling out port &apos;vector_add_Pipeline_VITIS_LOOP_27_3/m_axi_DATA3_AWQOS&apos; to 0." resolution=""/>
	<Message severity="WARNING" prefix="[RTGEN 206-101]" key="RTGEN_101_739" tag="" content="Setting dangling out port &apos;vector_add_Pipeline_VITIS_LOOP_27_3/m_axi_DATA3_AWREGION&apos; to 0." resolution=""/>
	<Message severity="WARNING" prefix="[RTGEN 206-101]" key="RTGEN_101_739" tag="" content="Setting dangling out port &apos;vector_add_Pipeline_VITIS_LOOP_27_3/m_axi_DATA3_AWUSER&apos; to 0." resolution=""/>
	<Message severity="WARNING" prefix="[RTGEN 206-101]" key="RTGEN_101_739" tag="" content="Setting dangling out port &apos;vector_add_Pipeline_VITIS_LOOP_27_3/m_axi_DATA3_BREADY&apos; to 0." resolution=""/>
	<Message severity="INFO" prefix="[RTGEN 206-100]" key="RTGEN_100_856" tag="" content="Finished creating RTL model for &apos;vector_add_Pipeline_VITIS_LOOP_27_3&apos;." resolution=""/>
	<Message severity="INFO" prefix="[HLS 200-111]" key="HLS_111_966" tag="RUNTIME" content="Finished Creating RTL model: CPU user time: 0 seconds. CPU system time: 0 seconds. Elapsed time: 0.622 seconds; current allocated memory: 169.914 MB." resolution=""/>
	<Message severity="INFO" prefix="[HLS 200-10]" key="HLS_10_1483" tag="" content="----------------------------------------------------------------" resolution=""/>
	<Message severity="INFO" prefix="[HLS 200-10]" key="HLS_10_1484" tag="" content="-- Generating RTL for module &apos;vector_add&apos;" resolution=""/>
	<Message severity="INFO" prefix="[HLS 200-10]" key="HLS_10_1485" tag="" content="----------------------------------------------------------------" resolution=""/>
	<Message severity="WARNING" prefix="[RTGEN 206-101]" key="RTGEN_101_918" tag="" content="Design contains AXI ports. Reset is fixed to synchronous and active low." resolution=""/>
	<Message severity="INFO" prefix="[RTGEN 206-500]" key="PREPROC_IO_COMP_CONFLICT_1950" tag="" content="Setting interface mode on port &apos;vector_add/DATA1&apos; to &apos;m_axi&apos;." resolution=""/>
	<Message severity="INFO" prefix="[RTGEN 206-500]" key="PREPROC_IO_COMP_CONFLICT_1950" tag="" content="Setting interface mode on port &apos;vector_add/DATA2&apos; to &apos;m_axi&apos;." resolution=""/>
	<Message severity="INFO" prefix="[RTGEN 206-500]" key="PREPROC_IO_COMP_CONFLICT_1950" tag="" content="Setting interface mode on port &apos;vector_add/DATA3&apos; to &apos;m_axi&apos;." resolution=""/>
	<Message severity="INFO" prefix="[RTGEN 206-500]" key="PREPROC_IO_COMP_CONFLICT_1950" tag="" content="Setting interface mode on port &apos;vector_add/a&apos; to &apos;s_axilite &amp; ap_none&apos;." resolution=""/>
	<Message severity="INFO" prefix="[RTGEN 206-500]" key="PREPROC_IO_COMP_CONFLICT_1950" tag="" content="Setting interface mode on port &apos;vector_add/b&apos; to &apos;s_axilite &amp; ap_none&apos;." resolution=""/>
	<Message severity="INFO" prefix="[RTGEN 206-500]" key="PREPROC_IO_COMP_CONFLICT_1950" tag="" content="Setting interface mode on port &apos;vector_add/c&apos; to &apos;s_axilite &amp; ap_none&apos;." resolution=""/>
	<Message severity="INFO" prefix="[RTGEN 206-500]" key="PREPROC_IO_COMP_CONFLICT_1950" tag="" content="Setting interface mode on function &apos;vector_add&apos; to &apos;s_axilite &amp; ap_ctrl_hs&apos;." resolution=""/>
	<Message severity="INFO" prefix="[RTGEN 206-100]" key="RTGEN_100_851" tag="" content="Bundling port &apos;a&apos;, &apos;b&apos; and &apos;c&apos; to AXI-Lite port control." resolution=""/>
	<Message severity="INFO" prefix="[RTGEN 206-100]" key="RTGEN_100_851" tag="" content="Bundling port &apos;return&apos; to AXI-Lite port ctrl." resolution=""/>
	<Message severity="INFO" prefix="[RTGEN 206-100]" key="RTGEN_100_856" tag="" content="Finished creating RTL model for &apos;vector_add&apos;." resolution=""/>
	<Message severity="INFO" prefix="[HLS 200-111]" key="HLS_111_966" tag="RUNTIME" content="Finished Creating RTL model: CPU user time: 0 seconds. CPU system time: 0 seconds. Elapsed time: 0.505 seconds; current allocated memory: 172.222 MB." resolution=""/>
	<Message severity="INFO" prefix="[RTMG 210-278]" key="RTMG_278_1790" tag="" content="Implementing memory &apos;vector_add_arrayA_ram (RAM)&apos; using auto RAMs." resolution=""/>
	<Message severity="INFO" prefix="[HLS 200-111]" key="HLS_111_966" tag="RUNTIME" content="Finished Generating all RTL models: CPU user time: 1 seconds. CPU system time: 0 seconds. Elapsed time: 1.111 seconds; current allocated memory: 177.430 MB." resolution=""/>
	<Message severity="INFO" prefix="[HLS 200-1603]" key="HLS 200-1603" tag="VITIS_INTERFACE" content="Design has MAXI bursts and missed bursts, see Vitis HLS GUI synthesis summary report for detailed information." resolution=""/>
	<Message severity="INFO" prefix="[HLS 200-111]" key="HLS_111_966" tag="RUNTIME" content="Finished Updating report files: CPU user time: 1 seconds. CPU system time: 0 seconds. Elapsed time: 1.399 seconds; current allocated memory: 184.590 MB." resolution=""/>
	<Message severity="INFO" prefix="[VHDL 208-304]" key="VHDL_304_1066" tag="" content="Generating VHDL RTL for vector_add." resolution=""/>
	<Message severity="INFO" prefix="[VLOG 209-307]" key="VLOG_307_1067" tag="" content="Generating Verilog RTL for vector_add." resolution=""/>
	<Message severity="INFO" prefix="[HLS 200-790]" key="HLS 200-790" tag="LOOP,VITIS_KERNEL" content="**** Loop Constraint Status: All loop constraints were satisfied." resolution=""/>
	<Message severity="INFO" prefix="[HLS 200-789]" key="HLS 200-789" tag="THROUGHPUT,VITIS_KERNEL" content="**** Estimated Fmax: 136.99 MHz" resolution=""/>
	<Message severity="INFO" prefix="[HLS 200-111]" key="HLS_111_966" tag="RUNTIME" content="Finished Command csynth_design CPU user time: 5 seconds. CPU system time: 1 seconds. Elapsed time: 14.671 seconds; current allocated memory: 184.576 MB." resolution=""/>
</Messages>
