<VitisHLS:BurstInfo>
    <burst group="BURST_VERBOSE_MISSED" fe_name="UnknownUnderlyingObjectMissed" src_info="Vector_Addition/vector_add.c:29:10" msg_id="214-117" msg_severity="INFO" msg_body="Cannot find or modify the underlying object pointed by getelementptr" ID="bb5.load.3" VarName="arrayC"/>
    <burst group="BURST_VERBOSE_MISSED" fe_name="UnknownUnderlyingObjectMissed" src_info="Vector_Addition/vector_add.c:24:15" msg_id="214-117" msg_severity="INFO" msg_body="Cannot find or modify the underlying object pointed by getelementptr" ID="bb3.load.3" VarName="arrayA"/>
    <burst group="BURST_VERBOSE_MISSED" fe_name="UnknownUnderlyingObjectMissed" src_info="Vector_Addition/vector_add.c:24:25" msg_id="214-117" msg_severity="INFO" msg_body="Cannot find or modify the underlying object pointed by getelementptr" ID="bb3.load.5" VarName="arrayB"/>
    <burst group="BURST_VERBOSE_MISSED" fe_name="UnknownUnderlyingObjectMissed" src_info="Vector_Addition/vector_add.c:24:13" msg_id="214-117" msg_severity="INFO" msg_body="Cannot find or modify the underlying object pointed by getelementptr" ID="bb3.store.8" VarName="arrayC"/>
    <burst group="BURST_VERBOSE_MISSED" fe_name="UnknownUnderlyingObjectMissed" src_info="Vector_Addition/vector_add.c:17:13" msg_id="214-117" msg_severity="INFO" msg_body="Cannot find or modify the underlying object pointed by getelementptr" ID="bb1.store.5" VarName="arrayA"/>
    <burst group="BURST_VERBOSE_MISSED" fe_name="UnknownUnderlyingObjectMissed" src_info="Vector_Addition/vector_add.c:18:13" msg_id="214-117" msg_severity="INFO" msg_body="Cannot find or modify the underlying object pointed by getelementptr" ID="bb1.store.9" VarName="arrayB"/>
    <burst group="BURST_VERBOSE_MISSED" fe_name="UnknownUnderlyingObjectMissed" src_info="Vector_Addition/vector_add.c:19:13" msg_id="214-117" msg_severity="INFO" msg_body="Cannot find or modify the underlying object pointed by getelementptr" ID="bb1.store.11" VarName="arrayC"/>
    <burst group="BURST_VERBOSE_MISSED" fe_name="UnknownUnderlyingObjectMissed" src_info="Vector_Addition/vector_add.c:29:10" msg_id="214-117" msg_severity="INFO" msg_body="Cannot find or modify the underlying object pointed by getelementptr" ID="bb5.load.3" VarName="arrayC"/>
    <burst group="BURST_VERBOSE_PASSED" fe_name="BurstInferredPassed" src_info="Vector_Addition/vector_add.c:27:19" msg_id="214-116" msg_severity="INFO" msg_body="Sequential write of length 1024 has been inferred" OldID="bb5.store.5" ID="c.seq" BundleName="DATA3" VarName="c" LoopLoc="Vector_Addition/vector_add.c:27:19" LoopName="VITIS_LOOP_27_3"/>
    <burst group="BURST_VERBOSE_MISSED" fe_name="UnknownUnderlyingObjectMissed" src_info="Vector_Addition/vector_add.c:24:15" msg_id="214-117" msg_severity="INFO" msg_body="Cannot find or modify the underlying object pointed by getelementptr" ID="bb3.load.3" VarName="arrayA"/>
    <burst group="BURST_VERBOSE_MISSED" fe_name="UnknownUnderlyingObjectMissed" src_info="Vector_Addition/vector_add.c:24:25" msg_id="214-117" msg_severity="INFO" msg_body="Cannot find or modify the underlying object pointed by getelementptr" ID="bb3.load.5" VarName="arrayB"/>
    <burst group="BURST_VERBOSE_MISSED" fe_name="UnknownUnderlyingObjectMissed" src_info="Vector_Addition/vector_add.c:24:13" msg_id="214-117" msg_severity="INFO" msg_body="Cannot find or modify the underlying object pointed by getelementptr" ID="bb3.store.8" VarName="arrayC"/>
    <burst group="BURST_VERBOSE_MISSED" fe_name="UnknownUnderlyingObjectMissed" src_info="Vector_Addition/vector_add.c:17:13" msg_id="214-117" msg_severity="INFO" msg_body="Cannot find or modify the underlying object pointed by getelementptr" ID="bb1.store.5" VarName="arrayA"/>
    <burst group="BURST_VERBOSE_MISSED" fe_name="UnknownUnderlyingObjectMissed" src_info="Vector_Addition/vector_add.c:18:13" msg_id="214-117" msg_severity="INFO" msg_body="Cannot find or modify the underlying object pointed by getelementptr" ID="bb1.store.9" VarName="arrayB"/>
    <burst group="BURST_VERBOSE_MISSED" fe_name="UnknownUnderlyingObjectMissed" src_info="Vector_Addition/vector_add.c:19:13" msg_id="214-117" msg_severity="INFO" msg_body="Cannot find or modify the underlying object pointed by getelementptr" ID="bb1.store.11" VarName="arrayC"/>
    <burst group="BURST_VERBOSE_PASSED" fe_name="BurstInferredPassed" src_info="Vector_Addition/vector_add.c:15:19" msg_id="214-116" msg_severity="INFO" msg_body="Sequential read of length 1024 has been inferred" OldID="bb1.load.3" ID="a.seq" BundleName="DATA1" VarName="a" LoopLoc="Vector_Addition/vector_add.c:15:19" LoopName="VITIS_LOOP_15_1"/>
    <burst group="BURST_VERBOSE_PASSED" fe_name="BurstInferredPassed" src_info="Vector_Addition/vector_add.c:15:19" msg_id="214-116" msg_severity="INFO" msg_body="Sequential read of length 1024 has been inferred" OldID="bb1.load.7" ID="b.seq" BundleName="DATA2" VarName="b" LoopLoc="Vector_Addition/vector_add.c:15:19" LoopName="VITIS_LOOP_15_1"/>
    <burst group="BURST_VERBOSE_MISSED" fe_name="GreaterOrEqualThresholdMissed" src_info="Vector_Addition/vector_add.c:27:19" msg_id="214-120" msg_severity="INFO" msg_body="Could not widen since the size of type 'i32' is greater than or equal to the max_widen_bitwidth threshold of '0'." ID="c.seq" BundleName="DATA3" VarName="c"/>
    <burst group="BURST_VERBOSE_MISSED" fe_name="GreaterOrEqualThresholdMissed" src_info="Vector_Addition/vector_add.c:15:19" msg_id="214-120" msg_severity="INFO" msg_body="Could not widen since the size of type 'i32' is greater than or equal to the max_widen_bitwidth threshold of '0'." ID="a.seq" BundleName="DATA1" VarName="a"/>
    <burst group="BURST_VERBOSE_MISSED" fe_name="GreaterOrEqualThresholdMissed" src_info="Vector_Addition/vector_add.c:15:19" msg_id="214-120" msg_severity="INFO" msg_body="Could not widen since the size of type 'i32' is greater than or equal to the max_widen_bitwidth threshold of '0'." ID="b.seq" BundleName="DATA2" VarName="b"/>
    <burst group="BURST_SUMMARY" fe_name="BurstInferredSummaryPassed" src_info="Vector_Addition/vector_add.c:15:19" msg_id="214-115" msg_severity="INFO" msg_body="Multiple burst reads of length 1024 and bit width 32 in loop 'VITIS_LOOP_15_1' has been inferred on port 'DATA1'. These bursts requests might be further partitioned into multiple requests during RTL generation, based on max_read_burst_length or max_write_burst_length settings."/>
    <burst group="BURST_SUMMARY" fe_name="BurstInferredSummaryPassed" src_info="Vector_Addition/vector_add.c:15:19" msg_id="214-115" msg_severity="INFO" msg_body="Multiple burst reads of length 1024 and bit width 32 in loop 'VITIS_LOOP_15_1' has been inferred on port 'DATA2'. These bursts requests might be further partitioned into multiple requests during RTL generation, based on max_read_burst_length or max_write_burst_length settings."/>
    <burst group="BURST_SUMMARY" fe_name="BurstInferredSummaryPassed" src_info="Vector_Addition/vector_add.c:27:19" msg_id="214-115" msg_severity="INFO" msg_body="Multiple burst writes of length 1024 and bit width 32 in loop 'VITIS_LOOP_27_3' has been inferred on port 'DATA3'. These bursts requests might be further partitioned into multiple requests during RTL generation, based on max_read_burst_length or max_write_burst_length settings."/>
</VitisHLS:BurstInfo>

