<?xml version="1.0" encoding="utf-8"?>
<BindInfo>
	<BindNode BINDTYPE="op" DISPLAY="bind_op icmp" ID="" IMPL="auto" LATENCY="0" OPTYPE="icmp" PRAGMA="" RTLNAME="icmp_ln15_fu_140_p2" SOURCE="Vector_Addition/vector_add.c:15" VARIABLE="icmp_ln15" MODULE="vector_add_Pipeline_VITIS_LOOP_15_1" LOOP="VITIS_LOOP_15_1" DSP="0" BRAM="0" URAM="0"/>
	<BindNode BINDTYPE="op" DISPLAY="bind_op add" ID="" IMPL="fabric" LATENCY="0" OPTYPE="add" PRAGMA="" RTLNAME="add_ln15_fu_146_p2" SOURCE="Vector_Addition/vector_add.c:15" VARIABLE="add_ln15" MODULE="vector_add_Pipeline_VITIS_LOOP_15_1" LOOP="VITIS_LOOP_15_1" DSP="0" BRAM="0" URAM="0"/>
	<BindNode BINDTYPE="op" DISPLAY="bind_op icmp" ID="" IMPL="auto" LATENCY="0" OPTYPE="icmp" PRAGMA="" RTLNAME="icmp_ln22_fu_83_p2" SOURCE="Vector_Addition/vector_add.c:22" VARIABLE="icmp_ln22" MODULE="vector_add_Pipeline_VITIS_LOOP_22_2" LOOP="VITIS_LOOP_22_2" DSP="0" BRAM="0" URAM="0"/>
	<BindNode BINDTYPE="op" DISPLAY="bind_op add" ID="" IMPL="fabric" LATENCY="0" OPTYPE="add" PRAGMA="" RTLNAME="add_ln22_fu_89_p2" SOURCE="Vector_Addition/vector_add.c:22" VARIABLE="add_ln22" MODULE="vector_add_Pipeline_VITIS_LOOP_22_2" LOOP="VITIS_LOOP_22_2" DSP="0" BRAM="0" URAM="0"/>
	<BindNode BINDTYPE="op" DISPLAY="bind_op add" ID="" IMPL="fabric" LATENCY="0" OPTYPE="add" PRAGMA="" RTLNAME="add_ln24_fu_106_p2" SOURCE="Vector_Addition/vector_add.c:24" VARIABLE="add_ln24" MODULE="vector_add_Pipeline_VITIS_LOOP_22_2" LOOP="VITIS_LOOP_22_2" DSP="0" BRAM="0" URAM="0"/>
	<BindNode BINDTYPE="op" DISPLAY="bind_op icmp" ID="" IMPL="auto" LATENCY="0" OPTYPE="icmp" PRAGMA="" RTLNAME="icmp_ln27_fu_93_p2" SOURCE="Vector_Addition/vector_add.c:27" VARIABLE="icmp_ln27" MODULE="vector_add_Pipeline_VITIS_LOOP_27_3" LOOP="VITIS_LOOP_27_3" DSP="0" BRAM="0" URAM="0"/>
	<BindNode BINDTYPE="op" DISPLAY="bind_op add" ID="" IMPL="fabric" LATENCY="0" OPTYPE="add" PRAGMA="" RTLNAME="add_ln27_fu_99_p2" SOURCE="Vector_Addition/vector_add.c:27" VARIABLE="add_ln27" MODULE="vector_add_Pipeline_VITIS_LOOP_27_3" LOOP="VITIS_LOOP_27_3" DSP="0" BRAM="0" URAM="0"/>
	<BindNode BINDTYPE="storage" DISPLAY="bind_storage ram_1p" ID="" IMPL="auto" LATENCY="1" OPTYPE="ram_1p" PRAGMA="" RTLNAME="arrayA_U" SOURCE="Vector_Addition/vector_add.c:11" VARIABLE="arrayA" MODULE="vector_add" LOOP="" DSP="0" BRAM="2" URAM="0"/>
	<BindNode BINDTYPE="storage" DISPLAY="bind_storage ram_1p" ID="" IMPL="auto" LATENCY="1" OPTYPE="ram_1p" PRAGMA="" RTLNAME="arrayB_U" SOURCE="Vector_Addition/vector_add.c:12" VARIABLE="arrayB" MODULE="vector_add" LOOP="" DSP="0" BRAM="2" URAM="0"/>
	<BindNode BINDTYPE="storage" DISPLAY="bind_storage ram_1p" ID="" IMPL="auto" LATENCY="1" OPTYPE="ram_1p" PRAGMA="" RTLNAME="arrayC_U" SOURCE="Vector_Addition/vector_add.c:13" VARIABLE="arrayC" MODULE="vector_add" LOOP="" DSP="0" BRAM="2" URAM="0"/>
</BindInfo>
