<stg><name>vector_add_Pipeline_VITIS_LOOP_22_2</name>


<trans_list>

<trans id="39" from="1" to="2">
<condition id="-1">
<or_exp><and_exp></and_exp></or_exp>
</condition>
</trans>

<trans id="36" from="2" to="3">
<condition id="-1">
<or_exp><and_exp></and_exp></or_exp>
</condition>
</trans>
</trans_list>



<state_list>

<state id="1" st_id="2">

<operation id="6" st_id="1" stage="1" lat="1">
<core>NULL</core>
<MemPortIdVec></MemPortIdVec>
<condition id="-1">
<or_exp><and_exp></and_exp></or_exp>
</condition>

<Node id="4" bw="11" op_0_bw="32">
<![CDATA[
newFuncRoot:0 %i_1 = alloca i32 1

]]></Node>
<StgValue><ssdm name="i_1"/></StgValue>
</operation>

<operation id="7" st_id="1" stage="1" lat="1">
<core>NULL</core>
<MemPortIdVec></MemPortIdVec>
<condition id="-1">
<or_exp><and_exp></and_exp></or_exp>
</condition>

<Node id="5" bw="0" op_0_bw="11" op_1_bw="11">
<![CDATA[
newFuncRoot:1 %store_ln0 = store i11 0, i11 %i_1

]]></Node>
<StgValue><ssdm name="store_ln0"/></StgValue>
</operation>

<operation id="8" st_id="1" stage="1" lat="1">
<core>NULL</core>
<MemPortIdVec></MemPortIdVec>
<condition id="-1">
<or_exp><and_exp></and_exp></or_exp>
</condition>

<Node id="6" bw="0" op_0_bw="0">
<![CDATA[
newFuncRoot:2 %br_ln0 = br void %.preheader

]]></Node>
<StgValue><ssdm name="br_ln0"/></StgValue>
</operation>

<operation id="9" st_id="1" stage="1" lat="1">
<core>NULL</core>
<MemPortIdVec></MemPortIdVec>
<condition id="-1">
<or_exp><and_exp></and_exp></or_exp>
</condition>

<Node id="8" bw="11" op_0_bw="11" op_1_bw="0">
<![CDATA[
.preheader:0 %i = load i11 %i_1

]]></Node>
<StgValue><ssdm name="i"/></StgValue>
</operation>

<operation id="10" st_id="1" stage="1" lat="1">
<core>NULL</core>
<MemPortIdVec></MemPortIdVec>
<condition id="-1">
<or_exp><and_exp></and_exp></or_exp>
</condition>

<Node id="9" bw="0" op_0_bw="0" op_1_bw="32" op_2_bw="32" op_3_bw="32" op_4_bw="32" op_5_bw="0">
<![CDATA[
.preheader:1 %specpipeline_ln0 = specpipeline void @_ssdm_op_SpecPipeline, i32 4294967295, i32 0, i32 1, i32 0, void @p_str

]]></Node>
<StgValue><ssdm name="specpipeline_ln0"/></StgValue>
</operation>

<operation id="11" st_id="1" stage="1" lat="1">
<core>Cmp</core>
<MemPortIdVec></MemPortIdVec>
<condition id="-1">
<or_exp><and_exp></and_exp></or_exp>
</condition>

<Node id="10" bw="1" op_0_bw="11" op_1_bw="11">
<![CDATA[
.preheader:2 %icmp_ln22 = icmp_eq  i11 %i, i11 1024

]]></Node>
<StgValue><ssdm name="icmp_ln22"/></StgValue>
</operation>

<operation id="12" st_id="1" stage="1" lat="1">
<core>NULL</core>
<MemPortIdVec></MemPortIdVec>
<condition id="-1">
<or_exp><and_exp></and_exp></or_exp>
</condition>

<Node id="11" bw="32" op_0_bw="32" op_1_bw="64" op_2_bw="64" op_3_bw="64">
<![CDATA[
.preheader:3 %empty = speclooptripcount i32 @_ssdm_op_SpecLoopTripCount, i64 1024, i64 1024, i64 1024

]]></Node>
<StgValue><ssdm name="empty"/></StgValue>
</operation>

<operation id="13" st_id="1" stage="1" lat="1">
<core>Adder</core>
<MemPortIdVec></MemPortIdVec>
<condition id="-1">
<or_exp><and_exp></and_exp></or_exp>
</condition>

<Node id="12" bw="11" op_0_bw="11" op_1_bw="11">
<![CDATA[
.preheader:4 %add_ln22 = add i11 %i, i11 1

]]></Node>
<StgValue><ssdm name="add_ln22"/></StgValue>
</operation>

<operation id="14" st_id="1" stage="1" lat="1">
<core>NULL</core>
<MemPortIdVec></MemPortIdVec>
<condition id="-1">
<or_exp><and_exp></and_exp></or_exp>
</condition>

<Node id="13" bw="0" op_0_bw="1" op_1_bw="0" op_2_bw="0">
<![CDATA[
.preheader:5 %br_ln22 = br i1 %icmp_ln22, void %.split4, void %.exitStub

]]></Node>
<StgValue><ssdm name="br_ln22"/></StgValue>
</operation>

<operation id="15" st_id="1" stage="1" lat="1">
<core>NULL</core>
<MemPortIdVec></MemPortIdVec>
<condition id="-1">
<or_exp><and_exp><literal name="icmp_ln22" val="0"/>
</and_exp></or_exp>
</condition>

<Node id="15" bw="64" op_0_bw="11">
<![CDATA[
.split4:0 %i_1_cast = zext i11 %i

]]></Node>
<StgValue><ssdm name="i_1_cast"/></StgValue>
</operation>

<operation id="16" st_id="1" stage="1" lat="1">
<core>NULL</core>
<MemPortIdVec></MemPortIdVec>
<condition id="-1">
<or_exp><and_exp><literal name="icmp_ln22" val="0"/>
</and_exp></or_exp>
</condition>

<Node id="17" bw="10" op_0_bw="32" op_1_bw="64" op_2_bw="64">
<![CDATA[
.split4:2 %arrayA_addr = getelementptr i32 %arrayA, i64 0, i64 %i_1_cast

]]></Node>
<StgValue><ssdm name="arrayA_addr"/></StgValue>
</operation>

<operation id="17" st_id="1" stage="2" lat="2">
<core>RAM</core>
<MemPortIdVec>0 </MemPortIdVec>
<condition id="-1">
<or_exp><and_exp><literal name="icmp_ln22" val="0"/>
</and_exp></or_exp>
</condition>

<Node id="18" bw="32" op_0_bw="10">
<![CDATA[
.split4:3 %arrayA_load = load i10 %arrayA_addr

]]></Node>
<StgValue><ssdm name="arrayA_load"/></StgValue>
</operation>

<operation id="18" st_id="1" stage="1" lat="1">
<core>NULL</core>
<MemPortIdVec></MemPortIdVec>
<condition id="-1">
<or_exp><and_exp><literal name="icmp_ln22" val="0"/>
</and_exp></or_exp>
</condition>

<Node id="19" bw="10" op_0_bw="32" op_1_bw="64" op_2_bw="64">
<![CDATA[
.split4:4 %arrayB_addr = getelementptr i32 %arrayB, i64 0, i64 %i_1_cast

]]></Node>
<StgValue><ssdm name="arrayB_addr"/></StgValue>
</operation>

<operation id="19" st_id="1" stage="2" lat="2">
<core>RAM</core>
<MemPortIdVec>0 </MemPortIdVec>
<condition id="-1">
<or_exp><and_exp><literal name="icmp_ln22" val="0"/>
</and_exp></or_exp>
</condition>

<Node id="20" bw="32" op_0_bw="10">
<![CDATA[
.split4:5 %arrayB_load = load i10 %arrayB_addr

]]></Node>
<StgValue><ssdm name="arrayB_load"/></StgValue>
</operation>

<operation id="20" st_id="1" stage="1" lat="1">
<core>NULL</core>
<MemPortIdVec></MemPortIdVec>
<condition id="-1">
<or_exp><and_exp><literal name="icmp_ln22" val="0"/>
</and_exp></or_exp>
</condition>

<Node id="24" bw="0" op_0_bw="11" op_1_bw="11" op_2_bw="0" op_3_bw="0">
<![CDATA[
.split4:9 %store_ln22 = store i11 %add_ln22, i11 %i_1

]]></Node>
<StgValue><ssdm name="store_ln22"/></StgValue>
</operation>
</state>

<state id="2" st_id="3">

<operation id="21" st_id="2" stage="1" lat="2">
<core>RAM</core>
<MemPortIdVec>0 </MemPortIdVec>
<condition id="-1">
<or_exp><and_exp></and_exp></or_exp>
</condition>

<Node id="18" bw="32" op_0_bw="10">
<![CDATA[
.split4:3 %arrayA_load = load i10 %arrayA_addr

]]></Node>
<StgValue><ssdm name="arrayA_load"/></StgValue>
</operation>

<operation id="22" st_id="2" stage="1" lat="2">
<core>RAM</core>
<MemPortIdVec>0 </MemPortIdVec>
<condition id="-1">
<or_exp><and_exp></and_exp></or_exp>
</condition>

<Node id="20" bw="32" op_0_bw="10">
<![CDATA[
.split4:5 %arrayB_load = load i10 %arrayB_addr

]]></Node>
<StgValue><ssdm name="arrayB_load"/></StgValue>
</operation>

<operation id="23" st_id="2" stage="1" lat="1">
<core>Adder</core>
<MemPortIdVec></MemPortIdVec>
<condition id="-1">
<or_exp><and_exp></and_exp></or_exp>
</condition>

<Node id="21" bw="32" op_0_bw="32" op_1_bw="32">
<![CDATA[
.split4:6 %add_ln24 = add i32 %arrayB_load, i32 %arrayA_load

]]></Node>
<StgValue><ssdm name="add_ln24"/></StgValue>
</operation>

<operation id="28" st_id="2" stage="1" lat="1">
<core>NULL</core>
<MemPortIdVec></MemPortIdVec>
<condition id="-1">
<or_exp><and_exp><literal name="icmp_ln22" val="1"/>
</and_exp></or_exp>
</condition>

<Node id="27" bw="0">
<![CDATA[
.exitStub:0 %ret_ln0 = ret

]]></Node>
<StgValue><ssdm name="ret_ln0"/></StgValue>
</operation>
</state>

<state id="3" st_id="4">

<operation id="24" st_id="3" stage="1" lat="1">
<core>NULL</core>
<MemPortIdVec></MemPortIdVec>
<condition id="-1">
<or_exp><and_exp></and_exp></or_exp>
</condition>

<Node id="16" bw="0" op_0_bw="0" op_1_bw="0">
<![CDATA[
.split4:1 %specloopname_ln10 = specloopname void @_ssdm_op_SpecLoopName, void @empty_15

]]></Node>
<StgValue><ssdm name="specloopname_ln10"/></StgValue>
</operation>

<operation id="25" st_id="3" stage="1" lat="1">
<core>NULL</core>
<MemPortIdVec></MemPortIdVec>
<condition id="-1">
<or_exp><and_exp></and_exp></or_exp>
</condition>

<Node id="22" bw="10" op_0_bw="32" op_1_bw="64" op_2_bw="64">
<![CDATA[
.split4:7 %arrayC_addr = getelementptr i32 %arrayC, i64 0, i64 %i_1_cast

]]></Node>
<StgValue><ssdm name="arrayC_addr"/></StgValue>
</operation>

<operation id="26" st_id="3" stage="1" lat="1">
<core>RAM</core>
<MemPortIdVec>0 </MemPortIdVec>
<condition id="-1">
<or_exp><and_exp></and_exp></or_exp>
</condition>

<Node id="23" bw="0" op_0_bw="32" op_1_bw="10">
<![CDATA[
.split4:8 %store_ln24 = store i32 %add_ln24, i10 %arrayC_addr

]]></Node>
<StgValue><ssdm name="store_ln24"/></StgValue>
</operation>

<operation id="27" st_id="3" stage="1" lat="1">
<core>NULL</core>
<MemPortIdVec></MemPortIdVec>
<condition id="-1">
<or_exp><and_exp></and_exp></or_exp>
</condition>

<Node id="25" bw="0" op_0_bw="0">
<![CDATA[
.split4:10 %br_ln0 = br void %.preheader

]]></Node>
<StgValue><ssdm name="br_ln0"/></StgValue>
</operation>
</state>
</state_list>


<ports>
<port id="40" name="arrayA" dir="0" iftype="1">
<core>RAM</core><StgValue><ssdm name="arrayA"/><MemPortTyVec>1 3 </MemPortTyVec>
</StgValue>
</port>
<port id="41" name="arrayB" dir="0" iftype="1">
<core>RAM</core><StgValue><ssdm name="arrayB"/><MemPortTyVec>1 3 </MemPortTyVec>
</StgValue>
</port>
<port id="42" name="arrayC" dir="1" iftype="1">
<core>RAM</core><StgValue><ssdm name="arrayC"/><MemPortTyVec>0 3 </MemPortTyVec>
</StgValue>
</port>
</ports>


<dataflows>
<dataflow id="44" from="StgValue_43" to="i_1" fromId="43" toId="6">
</dataflow>
<dataflow id="46" from="StgValue_45" to="store_ln0" fromId="45" toId="7">
</dataflow>
<dataflow id="47" from="i_1" to="store_ln0" fromId="6" toId="7">
</dataflow>
<dataflow id="48" from="i_1" to="i" fromId="6" toId="9">
</dataflow>
<dataflow id="50" from="_ssdm_op_SpecPipeline" to="specpipeline_ln0" fromId="49" toId="10">
</dataflow>
<dataflow id="52" from="StgValue_51" to="specpipeline_ln0" fromId="51" toId="10">
</dataflow>
<dataflow id="54" from="StgValue_53" to="specpipeline_ln0" fromId="53" toId="10">
</dataflow>
<dataflow id="55" from="StgValue_43" to="specpipeline_ln0" fromId="43" toId="10">
</dataflow>
<dataflow id="56" from="StgValue_53" to="specpipeline_ln0" fromId="53" toId="10">
</dataflow>
<dataflow id="58" from="p_str" to="specpipeline_ln0" fromId="57" toId="10">
</dataflow>
<dataflow id="59" from="i" to="icmp_ln22" fromId="9" toId="11">
</dataflow>
<dataflow id="61" from="StgValue_60" to="icmp_ln22" fromId="60" toId="11">
</dataflow>
<dataflow id="63" from="_ssdm_op_SpecLoopTripCount" to="empty" fromId="62" toId="12">
</dataflow>
<dataflow id="65" from="StgValue_64" to="empty" fromId="64" toId="12">
</dataflow>
<dataflow id="66" from="StgValue_64" to="empty" fromId="64" toId="12">
</dataflow>
<dataflow id="67" from="StgValue_64" to="empty" fromId="64" toId="12">
</dataflow>
<dataflow id="68" from="i" to="add_ln22" fromId="9" toId="13">
</dataflow>
<dataflow id="70" from="StgValue_69" to="add_ln22" fromId="69" toId="13">
</dataflow>
<dataflow id="71" from="icmp_ln22" to="br_ln22" fromId="11" toId="14">
</dataflow>
<dataflow id="72" from="i" to="i_1_cast" fromId="9" toId="15">
</dataflow>
<dataflow id="73" from="arrayA" to="arrayA_addr" fromId="40" toId="16">
</dataflow>
<dataflow id="75" from="StgValue_74" to="arrayA_addr" fromId="74" toId="16">
</dataflow>
<dataflow id="76" from="i_1_cast" to="arrayA_addr" fromId="15" toId="16">
</dataflow>
<dataflow id="77" from="arrayA_addr" to="arrayA_load" fromId="16" toId="17">
</dataflow>
<dataflow id="78" from="arrayB" to="arrayB_addr" fromId="41" toId="18">
</dataflow>
<dataflow id="79" from="StgValue_74" to="arrayB_addr" fromId="74" toId="18">
</dataflow>
<dataflow id="80" from="i_1_cast" to="arrayB_addr" fromId="15" toId="18">
</dataflow>
<dataflow id="81" from="arrayB_addr" to="arrayB_load" fromId="18" toId="19">
</dataflow>
<dataflow id="82" from="add_ln22" to="store_ln22" fromId="13" toId="20">
</dataflow>
<dataflow id="83" from="i_1" to="store_ln22" fromId="6" toId="20">
</dataflow>
<dataflow id="84" from="arrayA_addr" to="arrayA_load" fromId="16" toId="21">
</dataflow>
<dataflow id="85" from="arrayB_addr" to="arrayB_load" fromId="18" toId="22">
</dataflow>
<dataflow id="86" from="arrayB_load" to="add_ln24" fromId="22" toId="23">
</dataflow>
<dataflow id="87" from="arrayA_load" to="add_ln24" fromId="21" toId="23">
</dataflow>
<dataflow id="89" from="_ssdm_op_SpecLoopName" to="specloopname_ln10" fromId="88" toId="24">
</dataflow>
<dataflow id="91" from="empty_15" to="specloopname_ln10" fromId="90" toId="24">
</dataflow>
<dataflow id="92" from="arrayC" to="arrayC_addr" fromId="42" toId="25">
</dataflow>
<dataflow id="93" from="StgValue_74" to="arrayC_addr" fromId="74" toId="25">
</dataflow>
<dataflow id="94" from="i_1_cast" to="arrayC_addr" fromId="15" toId="25">
</dataflow>
<dataflow id="95" from="add_ln24" to="store_ln24" fromId="23" toId="26">
</dataflow>
<dataflow id="96" from="arrayC_addr" to="store_ln24" fromId="25" toId="26">
</dataflow>
<dataflow id="97" from="icmp_ln22" to="StgValue_2" fromId="11" toId="2">
</dataflow>
<dataflow id="98" from="icmp_ln22" to="StgValue_3" fromId="11" toId="3">
</dataflow>
</dataflows>


</stg>
