<stg><name>vector_add_Pipeline_VITIS_LOOP_27_3</name>


<trans_list>

<trans id="36" from="1" to="2">
<condition id="-1">
<or_exp><and_exp></and_exp></or_exp>
</condition>
</trans>

<trans id="39" from="2" to="3">
<condition id="-1">
<or_exp><and_exp></and_exp></or_exp>
</condition>
</trans>
</trans_list>



<state_list>

<state id="1" st_id="2">

<operation id="6" st_id="1" stage="1" lat="1">
<core>NULL</core>
<MemPortIdVec></MemPortIdVec>
<condition id="-1">
<or_exp><and_exp></and_exp></or_exp>
</condition>

<Node id="4" bw="11" op_0_bw="32">
<![CDATA[
newFuncRoot:0 %i = alloca i32 1

]]></Node>
<StgValue><ssdm name="i"/></StgValue>
</operation>

<operation id="7" st_id="1" stage="1" lat="1">
<core>NULL</core>
<MemPortIdVec></MemPortIdVec>
<condition id="-1">
<or_exp><and_exp></and_exp></or_exp>
</condition>

<Node id="5" bw="62" op_0_bw="62" op_1_bw="62">
<![CDATA[
newFuncRoot:1 %sext_ln27_read = read i62 @_ssdm_op_Read.ap_auto.i62, i62 %sext_ln27

]]></Node>
<StgValue><ssdm name="sext_ln27_read"/></StgValue>
</operation>

<operation id="8" st_id="1" stage="1" lat="1">
<core>NULL</core>
<MemPortIdVec></MemPortIdVec>
<condition id="-1">
<or_exp><and_exp></and_exp></or_exp>
</condition>

<Node id="6" bw="64" op_0_bw="62">
<![CDATA[
newFuncRoot:2 %sext_ln27_cast = sext i62 %sext_ln27_read

]]></Node>
<StgValue><ssdm name="sext_ln27_cast"/></StgValue>
</operation>

<operation id="9" st_id="1" stage="1" lat="1">
<core>NULL</core>
<MemPortIdVec></MemPortIdVec>
<condition id="-1">
<or_exp><and_exp></and_exp></or_exp>
</condition>

<Node id="7" bw="0" op_0_bw="0" op_1_bw="32" op_2_bw="0" op_3_bw="32" op_4_bw="32" op_5_bw="0" op_6_bw="32" op_7_bw="32" op_8_bw="0" op_9_bw="0" op_10_bw="0" op_11_bw="32" op_12_bw="32" op_13_bw="32" op_14_bw="32" op_15_bw="0" op_16_bw="0">
<![CDATA[
newFuncRoot:3 %specinterface_ln0 = specinterface void @_ssdm_op_SpecInterface, i32 %DATA3, void @empty, i32 0, i32 0, void @empty_0, i32 0, i32 0, void @empty_4, void @empty_2, void @empty_0, i32 16, i32 16, i32 16, i32 16, void @empty_0, void @empty_0

]]></Node>
<StgValue><ssdm name="specinterface_ln0"/></StgValue>
</operation>

<operation id="10" st_id="1" stage="1" lat="1">
<core>NULL</core>
<MemPortIdVec></MemPortIdVec>
<condition id="-1">
<or_exp><and_exp></and_exp></or_exp>
</condition>

<Node id="8" bw="0" op_0_bw="11" op_1_bw="11">
<![CDATA[
newFuncRoot:4 %store_ln0 = store i11 0, i11 %i

]]></Node>
<StgValue><ssdm name="store_ln0"/></StgValue>
</operation>

<operation id="11" st_id="1" stage="1" lat="1">
<core>NULL</core>
<MemPortIdVec></MemPortIdVec>
<condition id="-1">
<or_exp><and_exp></and_exp></or_exp>
</condition>

<Node id="9" bw="0" op_0_bw="0">
<![CDATA[
newFuncRoot:5 %br_ln0 = br void

]]></Node>
<StgValue><ssdm name="br_ln0"/></StgValue>
</operation>

<operation id="12" st_id="1" stage="1" lat="1">
<core>NULL</core>
<MemPortIdVec></MemPortIdVec>
<condition id="-1">
<or_exp><and_exp></and_exp></or_exp>
</condition>

<Node id="11" bw="11" op_0_bw="11" op_1_bw="0">
<![CDATA[
:0 %i_1 = load i11 %i

]]></Node>
<StgValue><ssdm name="i_1"/></StgValue>
</operation>

<operation id="13" st_id="1" stage="1" lat="1">
<core>Cmp</core>
<MemPortIdVec></MemPortIdVec>
<condition id="-1">
<or_exp><and_exp></and_exp></or_exp>
</condition>

<Node id="14" bw="1" op_0_bw="11" op_1_bw="11">
<![CDATA[
:3 %icmp_ln27 = icmp_eq  i11 %i_1, i11 1024

]]></Node>
<StgValue><ssdm name="icmp_ln27"/></StgValue>
</operation>

<operation id="14" st_id="1" stage="1" lat="1">
<core>Adder</core>
<MemPortIdVec></MemPortIdVec>
<condition id="-1">
<or_exp><and_exp></and_exp></or_exp>
</condition>

<Node id="16" bw="11" op_0_bw="11" op_1_bw="11">
<![CDATA[
:5 %add_ln27 = add i11 %i_1, i11 1

]]></Node>
<StgValue><ssdm name="add_ln27"/></StgValue>
</operation>

<operation id="15" st_id="1" stage="1" lat="1">
<core>NULL</core>
<MemPortIdVec></MemPortIdVec>
<condition id="-1">
<or_exp><and_exp></and_exp></or_exp>
</condition>

<Node id="17" bw="0" op_0_bw="1" op_1_bw="0" op_2_bw="0">
<![CDATA[
:6 %br_ln27 = br i1 %icmp_ln27, void %.split, void %.exitStub

]]></Node>
<StgValue><ssdm name="br_ln27"/></StgValue>
</operation>

<operation id="16" st_id="1" stage="1" lat="1">
<core>NULL</core>
<MemPortIdVec></MemPortIdVec>
<condition id="-1">
<or_exp><and_exp><literal name="icmp_ln27" val="0"/>
</and_exp></or_exp>
</condition>

<Node id="19" bw="64" op_0_bw="11">
<![CDATA[
.split:0 %i_2_cast = zext i11 %i_1

]]></Node>
<StgValue><ssdm name="i_2_cast"/></StgValue>
</operation>

<operation id="17" st_id="1" stage="1" lat="1">
<core>NULL</core>
<MemPortIdVec></MemPortIdVec>
<condition id="-1">
<or_exp><and_exp><literal name="icmp_ln27" val="0"/>
</and_exp></or_exp>
</condition>

<Node id="21" bw="10" op_0_bw="32" op_1_bw="64" op_2_bw="64">
<![CDATA[
.split:2 %arrayC_addr = getelementptr i32 %arrayC, i64 0, i64 %i_2_cast

]]></Node>
<StgValue><ssdm name="arrayC_addr"/></StgValue>
</operation>

<operation id="18" st_id="1" stage="2" lat="2">
<core>RAM</core>
<MemPortIdVec>0 </MemPortIdVec>
<condition id="-1">
<or_exp><and_exp><literal name="icmp_ln27" val="0"/>
</and_exp></or_exp>
</condition>

<Node id="22" bw="32" op_0_bw="10">
<![CDATA[
.split:3 %arrayC_load = load i10 %arrayC_addr

]]></Node>
<StgValue><ssdm name="arrayC_load"/></StgValue>
</operation>

<operation id="19" st_id="1" stage="1" lat="1">
<core>NULL</core>
<MemPortIdVec></MemPortIdVec>
<condition id="-1">
<or_exp><and_exp><literal name="icmp_ln27" val="0"/>
</and_exp></or_exp>
</condition>

<Node id="24" bw="0" op_0_bw="11" op_1_bw="11" op_2_bw="0" op_3_bw="0">
<![CDATA[
.split:5 %store_ln27 = store i11 %add_ln27, i11 %i

]]></Node>
<StgValue><ssdm name="store_ln27"/></StgValue>
</operation>
</state>

<state id="2" st_id="3">

<operation id="20" st_id="2" stage="1" lat="1">
<core>NULL</core>
<MemPortIdVec></MemPortIdVec>
<condition id="-1">
<or_exp><and_exp></and_exp></or_exp>
</condition>

<Node id="12" bw="32" op_0_bw="32" op_1_bw="64">
<![CDATA[
:1 %DATA3_addr = getelementptr i32 %DATA3, i64 %sext_ln27_cast

]]></Node>
<StgValue><ssdm name="DATA3_addr"/></StgValue>
</operation>

<operation id="21" st_id="2" stage="1" lat="1">
<core>NULL</core>
<MemPortIdVec></MemPortIdVec>
<condition id="-1">
<or_exp><and_exp></and_exp></or_exp>
</condition>

<Node id="13" bw="0" op_0_bw="0" op_1_bw="32" op_2_bw="32" op_3_bw="32" op_4_bw="32" op_5_bw="0">
<![CDATA[
:2 %specpipeline_ln0 = specpipeline void @_ssdm_op_SpecPipeline, i32 4294967295, i32 0, i32 1, i32 0, void @p_str

]]></Node>
<StgValue><ssdm name="specpipeline_ln0"/></StgValue>
</operation>

<operation id="22" st_id="2" stage="1" lat="1">
<core>NULL</core>
<MemPortIdVec></MemPortIdVec>
<condition id="-1">
<or_exp><and_exp></and_exp></or_exp>
</condition>

<Node id="15" bw="32" op_0_bw="32" op_1_bw="64" op_2_bw="64" op_3_bw="64">
<![CDATA[
:4 %empty = speclooptripcount i32 @_ssdm_op_SpecLoopTripCount, i64 1024, i64 1024, i64 1024

]]></Node>
<StgValue><ssdm name="empty"/></StgValue>
</operation>

<operation id="23" st_id="2" stage="1" lat="2">
<core>RAM</core>
<MemPortIdVec>0 </MemPortIdVec>
<condition id="-1">
<or_exp><and_exp><literal name="icmp_ln27" val="0"/>
</and_exp></or_exp>
</condition>

<Node id="22" bw="32" op_0_bw="10">
<![CDATA[
.split:3 %arrayC_load = load i10 %arrayC_addr

]]></Node>
<StgValue><ssdm name="arrayC_load"/></StgValue>
</operation>

<operation id="27" st_id="2" stage="1" lat="1">
<core>NULL</core>
<MemPortIdVec></MemPortIdVec>
<condition id="-1">
<or_exp><and_exp><literal name="icmp_ln27" val="1"/>
</and_exp></or_exp>
</condition>

<Node id="27" bw="0">
<![CDATA[
.exitStub:0 %ret_ln0 = ret

]]></Node>
<StgValue><ssdm name="ret_ln0"/></StgValue>
</operation>
</state>

<state id="3" st_id="4">

<operation id="24" st_id="3" stage="1" lat="1">
<core>NULL</core>
<MemPortIdVec></MemPortIdVec>
<condition id="-1">
<or_exp><and_exp></and_exp></or_exp>
</condition>

<Node id="20" bw="0" op_0_bw="0" op_1_bw="0">
<![CDATA[
.split:1 %specloopname_ln10 = specloopname void @_ssdm_op_SpecLoopName, void @empty_14

]]></Node>
<StgValue><ssdm name="specloopname_ln10"/></StgValue>
</operation>

<operation id="25" st_id="3" stage="1" lat="1">
<core>m_axi</core>
<MemPortIdVec></MemPortIdVec>
<condition id="-1">
<or_exp><and_exp></and_exp></or_exp>
</condition>

<Node id="23" bw="0" op_0_bw="0" op_1_bw="32" op_2_bw="32" op_3_bw="4">
<![CDATA[
.split:4 %write_ln29 = write void @_ssdm_op_Write.m_axi.p1i32, i32 %DATA3_addr, i32 %arrayC_load, i4 15

]]></Node>
<StgValue><ssdm name="write_ln29"/></StgValue>
</operation>

<operation id="26" st_id="3" stage="1" lat="1">
<core>NULL</core>
<MemPortIdVec></MemPortIdVec>
<condition id="-1">
<or_exp><and_exp></and_exp></or_exp>
</condition>

<Node id="25" bw="0" op_0_bw="0">
<![CDATA[
.split:6 %br_ln0 = br void

]]></Node>
<StgValue><ssdm name="br_ln0"/></StgValue>
</operation>
</state>
</state_list>


<ports>
<port id="40" name="DATA3" dir="1" iftype="4">
<core>NULL</core><StgValue><ssdm name="DATA3"/></StgValue>
</port>
<port id="41" name="sext_ln27" dir="0" iftype="0">
<core>NULL</core><StgValue><ssdm name="sext_ln27"/></StgValue>
</port>
<port id="42" name="arrayC" dir="0" iftype="1">
<core>RAM</core><StgValue><ssdm name="arrayC"/><MemPortTyVec>1 3 </MemPortTyVec>
</StgValue>
</port>
</ports>


<dataflows>
<dataflow id="44" from="StgValue_43" to="i" fromId="43" toId="6">
</dataflow>
<dataflow id="46" from="_ssdm_op_Read.ap_auto.i62" to="sext_ln27_read" fromId="45" toId="7">
</dataflow>
<dataflow id="47" from="sext_ln27" to="sext_ln27_read" fromId="41" toId="7">
</dataflow>
<dataflow id="48" from="sext_ln27_read" to="sext_ln27_cast" fromId="7" toId="8">
</dataflow>
<dataflow id="50" from="_ssdm_op_SpecInterface" to="specinterface_ln0" fromId="49" toId="9">
</dataflow>
<dataflow id="51" from="DATA3" to="specinterface_ln0" fromId="40" toId="9">
</dataflow>
<dataflow id="53" from="empty" to="specinterface_ln0" fromId="52" toId="9">
</dataflow>
<dataflow id="55" from="StgValue_54" to="specinterface_ln0" fromId="54" toId="9">
</dataflow>
<dataflow id="56" from="StgValue_54" to="specinterface_ln0" fromId="54" toId="9">
</dataflow>
<dataflow id="58" from="empty_0" to="specinterface_ln0" fromId="57" toId="9">
</dataflow>
<dataflow id="59" from="StgValue_54" to="specinterface_ln0" fromId="54" toId="9">
</dataflow>
<dataflow id="60" from="StgValue_54" to="specinterface_ln0" fromId="54" toId="9">
</dataflow>
<dataflow id="62" from="empty_4" to="specinterface_ln0" fromId="61" toId="9">
</dataflow>
<dataflow id="64" from="empty_2" to="specinterface_ln0" fromId="63" toId="9">
</dataflow>
<dataflow id="65" from="empty_0" to="specinterface_ln0" fromId="57" toId="9">
</dataflow>
<dataflow id="67" from="StgValue_66" to="specinterface_ln0" fromId="66" toId="9">
</dataflow>
<dataflow id="68" from="StgValue_66" to="specinterface_ln0" fromId="66" toId="9">
</dataflow>
<dataflow id="69" from="StgValue_66" to="specinterface_ln0" fromId="66" toId="9">
</dataflow>
<dataflow id="70" from="StgValue_66" to="specinterface_ln0" fromId="66" toId="9">
</dataflow>
<dataflow id="71" from="empty_0" to="specinterface_ln0" fromId="57" toId="9">
</dataflow>
<dataflow id="72" from="empty_0" to="specinterface_ln0" fromId="57" toId="9">
</dataflow>
<dataflow id="74" from="StgValue_73" to="store_ln0" fromId="73" toId="10">
</dataflow>
<dataflow id="75" from="i" to="store_ln0" fromId="6" toId="10">
</dataflow>
<dataflow id="76" from="i" to="i_1" fromId="6" toId="12">
</dataflow>
<dataflow id="77" from="i_1" to="icmp_ln27" fromId="12" toId="13">
</dataflow>
<dataflow id="79" from="StgValue_78" to="icmp_ln27" fromId="78" toId="13">
</dataflow>
<dataflow id="80" from="i_1" to="add_ln27" fromId="12" toId="14">
</dataflow>
<dataflow id="82" from="StgValue_81" to="add_ln27" fromId="81" toId="14">
</dataflow>
<dataflow id="83" from="icmp_ln27" to="br_ln27" fromId="13" toId="15">
</dataflow>
<dataflow id="84" from="i_1" to="i_2_cast" fromId="12" toId="16">
</dataflow>
<dataflow id="85" from="arrayC" to="arrayC_addr" fromId="42" toId="17">
</dataflow>
<dataflow id="87" from="StgValue_86" to="arrayC_addr" fromId="86" toId="17">
</dataflow>
<dataflow id="88" from="i_2_cast" to="arrayC_addr" fromId="16" toId="17">
</dataflow>
<dataflow id="89" from="arrayC_addr" to="arrayC_load" fromId="17" toId="18">
</dataflow>
<dataflow id="90" from="add_ln27" to="store_ln27" fromId="14" toId="19">
</dataflow>
<dataflow id="91" from="i" to="store_ln27" fromId="6" toId="19">
</dataflow>
<dataflow id="92" from="DATA3" to="DATA3_addr" fromId="40" toId="20">
</dataflow>
<dataflow id="93" from="sext_ln27_cast" to="DATA3_addr" fromId="8" toId="20">
</dataflow>
<dataflow id="95" from="_ssdm_op_SpecPipeline" to="specpipeline_ln0" fromId="94" toId="21">
</dataflow>
<dataflow id="97" from="StgValue_96" to="specpipeline_ln0" fromId="96" toId="21">
</dataflow>
<dataflow id="98" from="StgValue_54" to="specpipeline_ln0" fromId="54" toId="21">
</dataflow>
<dataflow id="99" from="StgValue_43" to="specpipeline_ln0" fromId="43" toId="21">
</dataflow>
<dataflow id="100" from="StgValue_54" to="specpipeline_ln0" fromId="54" toId="21">
</dataflow>
<dataflow id="102" from="p_str" to="specpipeline_ln0" fromId="101" toId="21">
</dataflow>
<dataflow id="104" from="_ssdm_op_SpecLoopTripCount" to="empty" fromId="103" toId="22">
</dataflow>
<dataflow id="106" from="StgValue_105" to="empty" fromId="105" toId="22">
</dataflow>
<dataflow id="107" from="StgValue_105" to="empty" fromId="105" toId="22">
</dataflow>
<dataflow id="108" from="StgValue_105" to="empty" fromId="105" toId="22">
</dataflow>
<dataflow id="109" from="arrayC_addr" to="arrayC_load" fromId="17" toId="23">
</dataflow>
<dataflow id="111" from="_ssdm_op_SpecLoopName" to="specloopname_ln10" fromId="110" toId="24">
</dataflow>
<dataflow id="113" from="empty_14" to="specloopname_ln10" fromId="112" toId="24">
</dataflow>
<dataflow id="115" from="_ssdm_op_Write.m_axi.p1i32" to="write_ln29" fromId="114" toId="25">
</dataflow>
<dataflow id="116" from="DATA3_addr" to="write_ln29" fromId="20" toId="25">
</dataflow>
<dataflow id="117" from="arrayC_load" to="write_ln29" fromId="23" toId="25">
</dataflow>
<dataflow id="119" from="StgValue_118" to="write_ln29" fromId="118" toId="25">
</dataflow>
<dataflow id="120" from="icmp_ln27" to="StgValue_2" fromId="13" toId="2">
</dataflow>
<dataflow id="121" from="icmp_ln27" to="StgValue_3" fromId="13" toId="3">
</dataflow>
</dataflows>


</stg>
