<stg><name>vector_add</name>


<trans_list>

<trans id="77" from="1" to="2">
<condition id="-1">
<or_exp><and_exp></and_exp></or_exp>
</condition>
</trans>

<trans id="78" from="2" to="3">
<condition id="-1">
<or_exp><and_exp></and_exp></or_exp>
</condition>
</trans>

<trans id="79" from="3" to="4">
<condition id="-1">
<or_exp><and_exp></and_exp></or_exp>
</condition>
</trans>

<trans id="80" from="4" to="5">
<condition id="-1">
<or_exp><and_exp></and_exp></or_exp>
</condition>
</trans>

<trans id="81" from="5" to="6">
<condition id="-1">
<or_exp><and_exp></and_exp></or_exp>
</condition>
</trans>

<trans id="82" from="6" to="7">
<condition id="-1">
<or_exp><and_exp></and_exp></or_exp>
</condition>
</trans>

<trans id="83" from="7" to="8">
<condition id="-1">
<or_exp><and_exp></and_exp></or_exp>
</condition>
</trans>

<trans id="84" from="8" to="9">
<condition id="-1">
<or_exp><and_exp></and_exp></or_exp>
</condition>
</trans>

<trans id="85" from="9" to="10">
<condition id="-1">
<or_exp><and_exp></and_exp></or_exp>
</condition>
</trans>

<trans id="86" from="10" to="11">
<condition id="-1">
<or_exp><and_exp></and_exp></or_exp>
</condition>
</trans>

<trans id="87" from="11" to="12">
<condition id="-1">
<or_exp><and_exp></and_exp></or_exp>
</condition>
</trans>

<trans id="88" from="12" to="13">
<condition id="-1">
<or_exp><and_exp></and_exp></or_exp>
</condition>
</trans>

<trans id="89" from="13" to="14">
<condition id="-1">
<or_exp><and_exp></and_exp></or_exp>
</condition>
</trans>

<trans id="90" from="14" to="15">
<condition id="-1">
<or_exp><and_exp></and_exp></or_exp>
</condition>
</trans>

<trans id="91" from="15" to="16">
<condition id="-1">
<or_exp><and_exp></and_exp></or_exp>
</condition>
</trans>

<trans id="92" from="16" to="17">
<condition id="-1">
<or_exp><and_exp></and_exp></or_exp>
</condition>
</trans>

<trans id="93" from="17" to="18">
<condition id="-1">
<or_exp><and_exp></and_exp></or_exp>
</condition>
</trans>

<trans id="94" from="18" to="19">
<condition id="-1">
<or_exp><and_exp></and_exp></or_exp>
</condition>
</trans>
</trans_list>



<state_list>

<state id="1" st_id="1">

<operation id="20" st_id="1" stage="1" lat="1">
<core>s_axilite</core>
<MemPortIdVec></MemPortIdVec>
<condition id="-1">
<or_exp><and_exp></and_exp></or_exp>
</condition>

<Node id="22" bw="64" op_0_bw="64" op_1_bw="64">
<![CDATA[
codeRepl:15 %c_read = read i64 @_ssdm_op_Read.s_axilite.i64, i64 %c

]]></Node>
<StgValue><ssdm name="c_read"/></StgValue>
</operation>

<operation id="21" st_id="1" stage="1" lat="1">
<core>s_axilite</core>
<MemPortIdVec></MemPortIdVec>
<condition id="-1">
<or_exp><and_exp></and_exp></or_exp>
</condition>

<Node id="23" bw="64" op_0_bw="64" op_1_bw="64">
<![CDATA[
codeRepl:16 %b_read = read i64 @_ssdm_op_Read.s_axilite.i64, i64 %b

]]></Node>
<StgValue><ssdm name="b_read"/></StgValue>
</operation>

<operation id="22" st_id="1" stage="1" lat="1">
<core>s_axilite</core>
<MemPortIdVec></MemPortIdVec>
<condition id="-1">
<or_exp><and_exp></and_exp></or_exp>
</condition>

<Node id="24" bw="64" op_0_bw="64" op_1_bw="64">
<![CDATA[
codeRepl:17 %a_read = read i64 @_ssdm_op_Read.s_axilite.i64, i64 %a

]]></Node>
<StgValue><ssdm name="a_read"/></StgValue>
</operation>

<operation id="23" st_id="1" stage="1" lat="1">
<core>NULL</core>
<MemPortIdVec></MemPortIdVec>
<condition id="-1">
<or_exp><and_exp></and_exp></or_exp>
</condition>

<Node id="25" bw="32" op_0_bw="64">
<![CDATA[
codeRepl:18 %arrayA = alloca i64 1

]]></Node>
<StgValue><ssdm name="arrayA"/><MemPortTyVec>2 3 </MemPortTyVec>
</StgValue>
</operation>

<operation id="24" st_id="1" stage="1" lat="1">
<core>NULL</core>
<MemPortIdVec></MemPortIdVec>
<condition id="-1">
<or_exp><and_exp></and_exp></or_exp>
</condition>

<Node id="26" bw="32" op_0_bw="64">
<![CDATA[
codeRepl:19 %arrayB = alloca i64 1

]]></Node>
<StgValue><ssdm name="arrayB"/><MemPortTyVec>2 3 </MemPortTyVec>
</StgValue>
</operation>

<operation id="25" st_id="1" stage="1" lat="1">
<core>NULL</core>
<MemPortIdVec></MemPortIdVec>
<condition id="-1">
<or_exp><and_exp></and_exp></or_exp>
</condition>

<Node id="27" bw="32" op_0_bw="64">
<![CDATA[
codeRepl:20 %arrayC = alloca i64 1

]]></Node>
<StgValue><ssdm name="arrayC"/><MemPortTyVec>2 3 </MemPortTyVec>
</StgValue>
</operation>

<operation id="26" st_id="1" stage="1" lat="1">
<core>NULL</core>
<MemPortIdVec></MemPortIdVec>
<condition id="-1">
<or_exp><and_exp></and_exp></or_exp>
</condition>

<Node id="28" bw="62" op_0_bw="62" op_1_bw="64" op_2_bw="32" op_3_bw="32">
<![CDATA[
codeRepl:21 %trunc_ln = partselect i62 @_ssdm_op_PartSelect.i62.i64.i32.i32, i64 %a_read, i32 2, i32 63

]]></Node>
<StgValue><ssdm name="trunc_ln"/></StgValue>
</operation>

<operation id="27" st_id="1" stage="1" lat="1">
<core>NULL</core>
<MemPortIdVec></MemPortIdVec>
<condition id="-1">
<or_exp><and_exp></and_exp></or_exp>
</condition>

<Node id="32" bw="62" op_0_bw="62" op_1_bw="64" op_2_bw="32" op_3_bw="32">
<![CDATA[
codeRepl:25 %trunc_ln15_1 = partselect i62 @_ssdm_op_PartSelect.i62.i64.i32.i32, i64 %b_read, i32 2, i32 63

]]></Node>
<StgValue><ssdm name="trunc_ln15_1"/></StgValue>
</operation>

<operation id="28" st_id="1" stage="1" lat="1">
<core>NULL</core>
<MemPortIdVec></MemPortIdVec>
<condition id="-1">
<or_exp><and_exp></and_exp></or_exp>
</condition>

<Node id="38" bw="62" op_0_bw="62" op_1_bw="64" op_2_bw="32" op_3_bw="32">
<![CDATA[
codeRepl:31 %trunc_ln1 = partselect i62 @_ssdm_op_PartSelect.i62.i64.i32.i32, i64 %c_read, i32 2, i32 63

]]></Node>
<StgValue><ssdm name="trunc_ln1"/></StgValue>
</operation>
</state>

<state id="2" st_id="2">

<operation id="29" st_id="2" stage="1" lat="1">
<core>NULL</core>
<MemPortIdVec></MemPortIdVec>
<condition id="-1">
<or_exp><and_exp></and_exp></or_exp>
</condition>

<Node id="29" bw="64" op_0_bw="62">
<![CDATA[
codeRepl:22 %sext_ln15 = sext i62 %trunc_ln

]]></Node>
<StgValue><ssdm name="sext_ln15"/></StgValue>
</operation>

<operation id="30" st_id="2" stage="1" lat="1">
<core>NULL</core>
<MemPortIdVec></MemPortIdVec>
<condition id="-1">
<or_exp><and_exp></and_exp></or_exp>
</condition>

<Node id="30" bw="32" op_0_bw="32" op_1_bw="64">
<![CDATA[
codeRepl:23 %DATA1_addr = getelementptr i32 %DATA1, i64 %sext_ln15

]]></Node>
<StgValue><ssdm name="DATA1_addr"/></StgValue>
</operation>

<operation id="31" st_id="2" stage="7" lat="7">
<core>m_axi</core>
<MemPortIdVec></MemPortIdVec>
<condition id="-1">
<or_exp><and_exp></and_exp></or_exp>
</condition>

<Node id="31" bw="1" op_0_bw="1" op_1_bw="32" op_2_bw="32">
<![CDATA[
codeRepl:24 %empty = readreq i1 @_ssdm_op_ReadReq.m_axi.p1i32, i32 %DATA1_addr, i32 1024

]]></Node>
<StgValue><ssdm name="empty"/></StgValue>
</operation>

<operation id="32" st_id="2" stage="1" lat="1">
<core>NULL</core>
<MemPortIdVec></MemPortIdVec>
<condition id="-1">
<or_exp><and_exp></and_exp></or_exp>
</condition>

<Node id="33" bw="64" op_0_bw="62">
<![CDATA[
codeRepl:26 %sext_ln15_1 = sext i62 %trunc_ln15_1

]]></Node>
<StgValue><ssdm name="sext_ln15_1"/></StgValue>
</operation>

<operation id="33" st_id="2" stage="1" lat="1">
<core>NULL</core>
<MemPortIdVec></MemPortIdVec>
<condition id="-1">
<or_exp><and_exp></and_exp></or_exp>
</condition>

<Node id="34" bw="32" op_0_bw="32" op_1_bw="64">
<![CDATA[
codeRepl:27 %DATA2_addr = getelementptr i32 %DATA2, i64 %sext_ln15_1

]]></Node>
<StgValue><ssdm name="DATA2_addr"/></StgValue>
</operation>

<operation id="34" st_id="2" stage="7" lat="7">
<core>m_axi</core>
<MemPortIdVec></MemPortIdVec>
<condition id="-1">
<or_exp><and_exp></and_exp></or_exp>
</condition>

<Node id="35" bw="1" op_0_bw="1" op_1_bw="32" op_2_bw="32">
<![CDATA[
codeRepl:28 %empty_22 = readreq i1 @_ssdm_op_ReadReq.m_axi.p1i32, i32 %DATA2_addr, i32 1024

]]></Node>
<StgValue><ssdm name="empty_22"/></StgValue>
</operation>
</state>

<state id="3" st_id="3">

<operation id="35" st_id="3" stage="6" lat="7">
<core>m_axi</core>
<MemPortIdVec></MemPortIdVec>
<condition id="-1">
<or_exp><and_exp></and_exp></or_exp>
</condition>

<Node id="31" bw="1" op_0_bw="1" op_1_bw="32" op_2_bw="32">
<![CDATA[
codeRepl:24 %empty = readreq i1 @_ssdm_op_ReadReq.m_axi.p1i32, i32 %DATA1_addr, i32 1024

]]></Node>
<StgValue><ssdm name="empty"/></StgValue>
</operation>

<operation id="36" st_id="3" stage="6" lat="7">
<core>m_axi</core>
<MemPortIdVec></MemPortIdVec>
<condition id="-1">
<or_exp><and_exp></and_exp></or_exp>
</condition>

<Node id="35" bw="1" op_0_bw="1" op_1_bw="32" op_2_bw="32">
<![CDATA[
codeRepl:28 %empty_22 = readreq i1 @_ssdm_op_ReadReq.m_axi.p1i32, i32 %DATA2_addr, i32 1024

]]></Node>
<StgValue><ssdm name="empty_22"/></StgValue>
</operation>
</state>

<state id="4" st_id="4">

<operation id="37" st_id="4" stage="5" lat="7">
<core>m_axi</core>
<MemPortIdVec></MemPortIdVec>
<condition id="-1">
<or_exp><and_exp></and_exp></or_exp>
</condition>

<Node id="31" bw="1" op_0_bw="1" op_1_bw="32" op_2_bw="32">
<![CDATA[
codeRepl:24 %empty = readreq i1 @_ssdm_op_ReadReq.m_axi.p1i32, i32 %DATA1_addr, i32 1024

]]></Node>
<StgValue><ssdm name="empty"/></StgValue>
</operation>

<operation id="38" st_id="4" stage="5" lat="7">
<core>m_axi</core>
<MemPortIdVec></MemPortIdVec>
<condition id="-1">
<or_exp><and_exp></and_exp></or_exp>
</condition>

<Node id="35" bw="1" op_0_bw="1" op_1_bw="32" op_2_bw="32">
<![CDATA[
codeRepl:28 %empty_22 = readreq i1 @_ssdm_op_ReadReq.m_axi.p1i32, i32 %DATA2_addr, i32 1024

]]></Node>
<StgValue><ssdm name="empty_22"/></StgValue>
</operation>
</state>

<state id="5" st_id="5">

<operation id="39" st_id="5" stage="4" lat="7">
<core>m_axi</core>
<MemPortIdVec></MemPortIdVec>
<condition id="-1">
<or_exp><and_exp></and_exp></or_exp>
</condition>

<Node id="31" bw="1" op_0_bw="1" op_1_bw="32" op_2_bw="32">
<![CDATA[
codeRepl:24 %empty = readreq i1 @_ssdm_op_ReadReq.m_axi.p1i32, i32 %DATA1_addr, i32 1024

]]></Node>
<StgValue><ssdm name="empty"/></StgValue>
</operation>

<operation id="40" st_id="5" stage="4" lat="7">
<core>m_axi</core>
<MemPortIdVec></MemPortIdVec>
<condition id="-1">
<or_exp><and_exp></and_exp></or_exp>
</condition>

<Node id="35" bw="1" op_0_bw="1" op_1_bw="32" op_2_bw="32">
<![CDATA[
codeRepl:28 %empty_22 = readreq i1 @_ssdm_op_ReadReq.m_axi.p1i32, i32 %DATA2_addr, i32 1024

]]></Node>
<StgValue><ssdm name="empty_22"/></StgValue>
</operation>
</state>

<state id="6" st_id="6">

<operation id="41" st_id="6" stage="3" lat="7">
<core>m_axi</core>
<MemPortIdVec></MemPortIdVec>
<condition id="-1">
<or_exp><and_exp></and_exp></or_exp>
</condition>

<Node id="31" bw="1" op_0_bw="1" op_1_bw="32" op_2_bw="32">
<![CDATA[
codeRepl:24 %empty = readreq i1 @_ssdm_op_ReadReq.m_axi.p1i32, i32 %DATA1_addr, i32 1024

]]></Node>
<StgValue><ssdm name="empty"/></StgValue>
</operation>

<operation id="42" st_id="6" stage="3" lat="7">
<core>m_axi</core>
<MemPortIdVec></MemPortIdVec>
<condition id="-1">
<or_exp><and_exp></and_exp></or_exp>
</condition>

<Node id="35" bw="1" op_0_bw="1" op_1_bw="32" op_2_bw="32">
<![CDATA[
codeRepl:28 %empty_22 = readreq i1 @_ssdm_op_ReadReq.m_axi.p1i32, i32 %DATA2_addr, i32 1024

]]></Node>
<StgValue><ssdm name="empty_22"/></StgValue>
</operation>
</state>

<state id="7" st_id="7">

<operation id="43" st_id="7" stage="2" lat="7">
<core>m_axi</core>
<MemPortIdVec></MemPortIdVec>
<condition id="-1">
<or_exp><and_exp></and_exp></or_exp>
</condition>

<Node id="31" bw="1" op_0_bw="1" op_1_bw="32" op_2_bw="32">
<![CDATA[
codeRepl:24 %empty = readreq i1 @_ssdm_op_ReadReq.m_axi.p1i32, i32 %DATA1_addr, i32 1024

]]></Node>
<StgValue><ssdm name="empty"/></StgValue>
</operation>

<operation id="44" st_id="7" stage="2" lat="7">
<core>m_axi</core>
<MemPortIdVec></MemPortIdVec>
<condition id="-1">
<or_exp><and_exp></and_exp></or_exp>
</condition>

<Node id="35" bw="1" op_0_bw="1" op_1_bw="32" op_2_bw="32">
<![CDATA[
codeRepl:28 %empty_22 = readreq i1 @_ssdm_op_ReadReq.m_axi.p1i32, i32 %DATA2_addr, i32 1024

]]></Node>
<StgValue><ssdm name="empty_22"/></StgValue>
</operation>
</state>

<state id="8" st_id="8">

<operation id="45" st_id="8" stage="1" lat="7">
<core>m_axi</core>
<MemPortIdVec></MemPortIdVec>
<condition id="-1">
<or_exp><and_exp></and_exp></or_exp>
</condition>

<Node id="31" bw="1" op_0_bw="1" op_1_bw="32" op_2_bw="32">
<![CDATA[
codeRepl:24 %empty = readreq i1 @_ssdm_op_ReadReq.m_axi.p1i32, i32 %DATA1_addr, i32 1024

]]></Node>
<StgValue><ssdm name="empty"/></StgValue>
</operation>

<operation id="46" st_id="8" stage="1" lat="7">
<core>m_axi</core>
<MemPortIdVec></MemPortIdVec>
<condition id="-1">
<or_exp><and_exp></and_exp></or_exp>
</condition>

<Node id="35" bw="1" op_0_bw="1" op_1_bw="32" op_2_bw="32">
<![CDATA[
codeRepl:28 %empty_22 = readreq i1 @_ssdm_op_ReadReq.m_axi.p1i32, i32 %DATA2_addr, i32 1024

]]></Node>
<StgValue><ssdm name="empty_22"/></StgValue>
</operation>
</state>

<state id="9" st_id="9">

<operation id="47" st_id="9" stage="2" lat="2">
<core></core>
<MemPortIdVec></MemPortIdVec>
<condition id="-1">
<or_exp><and_exp></and_exp></or_exp>
</condition>

<Node id="36" bw="0" op_0_bw="0" op_1_bw="32" op_2_bw="62" op_3_bw="32" op_4_bw="62" op_5_bw="32" op_6_bw="32" op_7_bw="32" op_8_bw="0" op_9_bw="0">
<![CDATA[
codeRepl:29 %call_ln15 = call void @vector_add_Pipeline_VITIS_LOOP_15_1, i32 %DATA2, i62 %trunc_ln15_1, i32 %DATA1, i62 %trunc_ln, i32 %arrayA, i32 %arrayB, i32 %arrayC

]]></Node>
<StgValue><ssdm name="call_ln15"/></StgValue>
</operation>
</state>

<state id="10" st_id="10">

<operation id="48" st_id="10" stage="1" lat="2">
<core></core>
<MemPortIdVec></MemPortIdVec>
<condition id="-1">
<or_exp><and_exp></and_exp></or_exp>
</condition>

<Node id="36" bw="0" op_0_bw="0" op_1_bw="32" op_2_bw="62" op_3_bw="32" op_4_bw="62" op_5_bw="32" op_6_bw="32" op_7_bw="32" op_8_bw="0" op_9_bw="0">
<![CDATA[
codeRepl:29 %call_ln15 = call void @vector_add_Pipeline_VITIS_LOOP_15_1, i32 %DATA2, i62 %trunc_ln15_1, i32 %DATA1, i62 %trunc_ln, i32 %arrayA, i32 %arrayB, i32 %arrayC

]]></Node>
<StgValue><ssdm name="call_ln15"/></StgValue>
</operation>
</state>

<state id="11" st_id="11">

<operation id="49" st_id="11" stage="2" lat="2">
<core></core>
<MemPortIdVec></MemPortIdVec>
<condition id="-1">
<or_exp><and_exp></and_exp></or_exp>
</condition>

<Node id="37" bw="0" op_0_bw="0" op_1_bw="32" op_2_bw="32" op_3_bw="32" op_4_bw="0" op_5_bw="0">
<![CDATA[
codeRepl:30 %call_ln0 = call void @vector_add_Pipeline_VITIS_LOOP_22_2, i32 %arrayA, i32 %arrayB, i32 %arrayC

]]></Node>
<StgValue><ssdm name="call_ln0"/></StgValue>
</operation>
</state>

<state id="12" st_id="12">

<operation id="50" st_id="12" stage="1" lat="2">
<core></core>
<MemPortIdVec></MemPortIdVec>
<condition id="-1">
<or_exp><and_exp></and_exp></or_exp>
</condition>

<Node id="37" bw="0" op_0_bw="0" op_1_bw="32" op_2_bw="32" op_3_bw="32" op_4_bw="0" op_5_bw="0">
<![CDATA[
codeRepl:30 %call_ln0 = call void @vector_add_Pipeline_VITIS_LOOP_22_2, i32 %arrayA, i32 %arrayB, i32 %arrayC

]]></Node>
<StgValue><ssdm name="call_ln0"/></StgValue>
</operation>

<operation id="51" st_id="12" stage="1" lat="1">
<core>NULL</core>
<MemPortIdVec></MemPortIdVec>
<condition id="-1">
<or_exp><and_exp></and_exp></or_exp>
</condition>

<Node id="39" bw="64" op_0_bw="62">
<![CDATA[
codeRepl:32 %sext_ln27 = sext i62 %trunc_ln1

]]></Node>
<StgValue><ssdm name="sext_ln27"/></StgValue>
</operation>

<operation id="52" st_id="12" stage="1" lat="1">
<core>NULL</core>
<MemPortIdVec></MemPortIdVec>
<condition id="-1">
<or_exp><and_exp></and_exp></or_exp>
</condition>

<Node id="40" bw="32" op_0_bw="32" op_1_bw="64">
<![CDATA[
codeRepl:33 %DATA3_addr = getelementptr i32 %DATA3, i64 %sext_ln27

]]></Node>
<StgValue><ssdm name="DATA3_addr"/></StgValue>
</operation>

<operation id="53" st_id="12" stage="1" lat="1">
<core>m_axi</core>
<MemPortIdVec></MemPortIdVec>
<condition id="-1">
<or_exp><and_exp></and_exp></or_exp>
</condition>

<Node id="41" bw="1" op_0_bw="1" op_1_bw="32" op_2_bw="32">
<![CDATA[
codeRepl:34 %empty_23 = writereq i1 @_ssdm_op_WriteReq.m_axi.p1i32, i32 %DATA3_addr, i32 1024

]]></Node>
<StgValue><ssdm name="empty_23"/></StgValue>
</operation>
</state>

<state id="13" st_id="13">

<operation id="54" st_id="13" stage="2" lat="2">
<core></core>
<MemPortIdVec></MemPortIdVec>
<condition id="-1">
<or_exp><and_exp></and_exp></or_exp>
</condition>

<Node id="42" bw="0" op_0_bw="0" op_1_bw="32" op_2_bw="62" op_3_bw="32" op_4_bw="0" op_5_bw="0" op_6_bw="0">
<![CDATA[
codeRepl:35 %call_ln27 = call void @vector_add_Pipeline_VITIS_LOOP_27_3, i32 %DATA3, i62 %trunc_ln1, i32 %arrayC

]]></Node>
<StgValue><ssdm name="call_ln27"/></StgValue>
</operation>
</state>

<state id="14" st_id="14">

<operation id="55" st_id="14" stage="1" lat="2">
<core></core>
<MemPortIdVec></MemPortIdVec>
<condition id="-1">
<or_exp><and_exp></and_exp></or_exp>
</condition>

<Node id="42" bw="0" op_0_bw="0" op_1_bw="32" op_2_bw="62" op_3_bw="32" op_4_bw="0" op_5_bw="0" op_6_bw="0">
<![CDATA[
codeRepl:35 %call_ln27 = call void @vector_add_Pipeline_VITIS_LOOP_27_3, i32 %DATA3, i62 %trunc_ln1, i32 %arrayC

]]></Node>
<StgValue><ssdm name="call_ln27"/></StgValue>
</operation>
</state>

<state id="15" st_id="15">

<operation id="56" st_id="15" stage="5" lat="5">
<core>m_axi</core>
<MemPortIdVec></MemPortIdVec>
<condition id="-1">
<or_exp><and_exp></and_exp></or_exp>
</condition>

<Node id="43" bw="1" op_0_bw="1" op_1_bw="32" op_2_bw="0">
<![CDATA[
codeRepl:36 %empty_24 = writeresp i1 @_ssdm_op_WriteResp.m_axi.p1i32, i32 %DATA3_addr

]]></Node>
<StgValue><ssdm name="empty_24"/></StgValue>
</operation>
</state>

<state id="16" st_id="16">

<operation id="57" st_id="16" stage="4" lat="5">
<core>m_axi</core>
<MemPortIdVec></MemPortIdVec>
<condition id="-1">
<or_exp><and_exp></and_exp></or_exp>
</condition>

<Node id="43" bw="1" op_0_bw="1" op_1_bw="32" op_2_bw="0">
<![CDATA[
codeRepl:36 %empty_24 = writeresp i1 @_ssdm_op_WriteResp.m_axi.p1i32, i32 %DATA3_addr

]]></Node>
<StgValue><ssdm name="empty_24"/></StgValue>
</operation>
</state>

<state id="17" st_id="17">

<operation id="58" st_id="17" stage="3" lat="5">
<core>m_axi</core>
<MemPortIdVec></MemPortIdVec>
<condition id="-1">
<or_exp><and_exp></and_exp></or_exp>
</condition>

<Node id="43" bw="1" op_0_bw="1" op_1_bw="32" op_2_bw="0">
<![CDATA[
codeRepl:36 %empty_24 = writeresp i1 @_ssdm_op_WriteResp.m_axi.p1i32, i32 %DATA3_addr

]]></Node>
<StgValue><ssdm name="empty_24"/></StgValue>
</operation>
</state>

<state id="18" st_id="18">

<operation id="59" st_id="18" stage="2" lat="5">
<core>m_axi</core>
<MemPortIdVec></MemPortIdVec>
<condition id="-1">
<or_exp><and_exp></and_exp></or_exp>
</condition>

<Node id="43" bw="1" op_0_bw="1" op_1_bw="32" op_2_bw="0">
<![CDATA[
codeRepl:36 %empty_24 = writeresp i1 @_ssdm_op_WriteResp.m_axi.p1i32, i32 %DATA3_addr

]]></Node>
<StgValue><ssdm name="empty_24"/></StgValue>
</operation>
</state>

<state id="19" st_id="19">

<operation id="60" st_id="19" stage="1" lat="1">
<core>NULL</core>
<MemPortIdVec></MemPortIdVec>
<condition id="-1">
<or_exp><and_exp></and_exp></or_exp>
</condition>

<Node id="7" bw="0" op_0_bw="0" op_1_bw="32">
<![CDATA[
codeRepl:0 %specbitsmap_ln0 = specbitsmap void @_ssdm_op_SpecBitsMap, i32 0

]]></Node>
<StgValue><ssdm name="specbitsmap_ln0"/></StgValue>
</operation>

<operation id="61" st_id="19" stage="1" lat="1">
<core>NULL</core>
<MemPortIdVec></MemPortIdVec>
<condition id="-1">
<or_exp><and_exp></and_exp></or_exp>
</condition>

<Node id="8" bw="0" op_0_bw="0" op_1_bw="0">
<![CDATA[
codeRepl:1 %spectopmodule_ln0 = spectopmodule void @_ssdm_op_SpecTopModule, void @empty_13

]]></Node>
<StgValue><ssdm name="spectopmodule_ln0"/></StgValue>
</operation>

<operation id="62" st_id="19" stage="1" lat="1">
<core>NULL</core>
<MemPortIdVec></MemPortIdVec>
<condition id="-1">
<or_exp><and_exp></and_exp></or_exp>
</condition>

<Node id="9" bw="0" op_0_bw="0" op_1_bw="32" op_2_bw="0" op_3_bw="32" op_4_bw="32" op_5_bw="0" op_6_bw="32" op_7_bw="32" op_8_bw="0" op_9_bw="0" op_10_bw="0" op_11_bw="32" op_12_bw="32" op_13_bw="32" op_14_bw="32" op_15_bw="0" op_16_bw="0">
<![CDATA[
codeRepl:2 %specinterface_ln0 = specinterface void @_ssdm_op_SpecInterface, i32 %DATA1, void @empty, i32 0, i32 0, void @empty_0, i32 0, i32 0, void @empty_1, void @empty_2, void @empty_0, i32 16, i32 16, i32 16, i32 16, void @empty_0, void @empty_0

]]></Node>
<StgValue><ssdm name="specinterface_ln0"/></StgValue>
</operation>

<operation id="63" st_id="19" stage="1" lat="1">
<core>NULL</core>
<MemPortIdVec></MemPortIdVec>
<condition id="-1">
<or_exp><and_exp></and_exp></or_exp>
</condition>

<Node id="10" bw="0" op_0_bw="0" op_1_bw="32">
<![CDATA[
codeRepl:3 %specbitsmap_ln0 = specbitsmap void @_ssdm_op_SpecBitsMap, i32 %DATA1

]]></Node>
<StgValue><ssdm name="specbitsmap_ln0"/></StgValue>
</operation>

<operation id="64" st_id="19" stage="1" lat="1">
<core>NULL</core>
<MemPortIdVec></MemPortIdVec>
<condition id="-1">
<or_exp><and_exp></and_exp></or_exp>
</condition>

<Node id="11" bw="0" op_0_bw="0" op_1_bw="32" op_2_bw="0" op_3_bw="32" op_4_bw="32" op_5_bw="0" op_6_bw="32" op_7_bw="32" op_8_bw="0" op_9_bw="0" op_10_bw="0" op_11_bw="32" op_12_bw="32" op_13_bw="32" op_14_bw="32" op_15_bw="0" op_16_bw="0">
<![CDATA[
codeRepl:4 %specinterface_ln0 = specinterface void @_ssdm_op_SpecInterface, i32 %DATA2, void @empty, i32 0, i32 0, void @empty_0, i32 0, i32 0, void @empty_3, void @empty_2, void @empty_0, i32 16, i32 16, i32 16, i32 16, void @empty_0, void @empty_0

]]></Node>
<StgValue><ssdm name="specinterface_ln0"/></StgValue>
</operation>

<operation id="65" st_id="19" stage="1" lat="1">
<core>NULL</core>
<MemPortIdVec></MemPortIdVec>
<condition id="-1">
<or_exp><and_exp></and_exp></or_exp>
</condition>

<Node id="12" bw="0" op_0_bw="0" op_1_bw="32">
<![CDATA[
codeRepl:5 %specbitsmap_ln0 = specbitsmap void @_ssdm_op_SpecBitsMap, i32 %DATA2

]]></Node>
<StgValue><ssdm name="specbitsmap_ln0"/></StgValue>
</operation>

<operation id="66" st_id="19" stage="1" lat="1">
<core>NULL</core>
<MemPortIdVec></MemPortIdVec>
<condition id="-1">
<or_exp><and_exp></and_exp></or_exp>
</condition>

<Node id="13" bw="0" op_0_bw="0" op_1_bw="32" op_2_bw="0" op_3_bw="32" op_4_bw="32" op_5_bw="0" op_6_bw="32" op_7_bw="32" op_8_bw="0" op_9_bw="0" op_10_bw="0" op_11_bw="32" op_12_bw="32" op_13_bw="32" op_14_bw="32" op_15_bw="0" op_16_bw="0">
<![CDATA[
codeRepl:6 %specinterface_ln0 = specinterface void @_ssdm_op_SpecInterface, i32 %DATA3, void @empty, i32 0, i32 0, void @empty_0, i32 0, i32 0, void @empty_4, void @empty_2, void @empty_0, i32 16, i32 16, i32 16, i32 16, void @empty_0, void @empty_0

]]></Node>
<StgValue><ssdm name="specinterface_ln0"/></StgValue>
</operation>

<operation id="67" st_id="19" stage="1" lat="1">
<core>NULL</core>
<MemPortIdVec></MemPortIdVec>
<condition id="-1">
<or_exp><and_exp></and_exp></or_exp>
</condition>

<Node id="14" bw="0" op_0_bw="0" op_1_bw="32">
<![CDATA[
codeRepl:7 %specbitsmap_ln0 = specbitsmap void @_ssdm_op_SpecBitsMap, i32 %DATA3

]]></Node>
<StgValue><ssdm name="specbitsmap_ln0"/></StgValue>
</operation>

<operation id="68" st_id="19" stage="1" lat="1">
<core>NULL</core>
<MemPortIdVec></MemPortIdVec>
<condition id="-1">
<or_exp><and_exp></and_exp></or_exp>
</condition>

<Node id="15" bw="0" op_0_bw="0" op_1_bw="64" op_2_bw="0" op_3_bw="32" op_4_bw="32" op_5_bw="0" op_6_bw="32" op_7_bw="32" op_8_bw="0" op_9_bw="0" op_10_bw="0" op_11_bw="32" op_12_bw="32" op_13_bw="32" op_14_bw="32" op_15_bw="0" op_16_bw="0">
<![CDATA[
codeRepl:8 %specinterface_ln0 = specinterface void @_ssdm_op_SpecInterface, i64 %a, void @empty_5, i32 0, i32 0, void @empty_0, i32 0, i32 0, void @empty_6, void @empty_7, void @empty_0, i32 0, i32 0, i32 0, i32 0, void @empty_0, void @empty_8

]]></Node>
<StgValue><ssdm name="specinterface_ln0"/></StgValue>
</operation>

<operation id="69" st_id="19" stage="1" lat="1">
<core>NULL</core>
<MemPortIdVec></MemPortIdVec>
<condition id="-1">
<or_exp><and_exp></and_exp></or_exp>
</condition>

<Node id="16" bw="0" op_0_bw="0" op_1_bw="64" op_2_bw="0" op_3_bw="32" op_4_bw="32" op_5_bw="0" op_6_bw="32" op_7_bw="32" op_8_bw="0" op_9_bw="0" op_10_bw="0" op_11_bw="32" op_12_bw="32" op_13_bw="32" op_14_bw="32" op_15_bw="0" op_16_bw="0">
<![CDATA[
codeRepl:9 %specinterface_ln0 = specinterface void @_ssdm_op_SpecInterface, i64 %a, void @empty_9, i32 0, i32 0, void @empty_0, i32 0, i32 0, void @empty_0, void @empty_0, void @empty_0, i32 0, i32 0, i32 0, i32 0, void @empty_0, void @empty_8

]]></Node>
<StgValue><ssdm name="specinterface_ln0"/></StgValue>
</operation>

<operation id="70" st_id="19" stage="1" lat="1">
<core>NULL</core>
<MemPortIdVec></MemPortIdVec>
<condition id="-1">
<or_exp><and_exp></and_exp></or_exp>
</condition>

<Node id="17" bw="0" op_0_bw="0" op_1_bw="64" op_2_bw="0" op_3_bw="32" op_4_bw="32" op_5_bw="0" op_6_bw="32" op_7_bw="32" op_8_bw="0" op_9_bw="0" op_10_bw="0" op_11_bw="32" op_12_bw="32" op_13_bw="32" op_14_bw="32" op_15_bw="0" op_16_bw="0">
<![CDATA[
codeRepl:10 %specinterface_ln0 = specinterface void @_ssdm_op_SpecInterface, i64 %b, void @empty_5, i32 0, i32 0, void @empty_0, i32 0, i32 0, void @empty_6, void @empty_10, void @empty_0, i32 0, i32 0, i32 0, i32 0, void @empty_0, void @empty_8

]]></Node>
<StgValue><ssdm name="specinterface_ln0"/></StgValue>
</operation>

<operation id="71" st_id="19" stage="1" lat="1">
<core>NULL</core>
<MemPortIdVec></MemPortIdVec>
<condition id="-1">
<or_exp><and_exp></and_exp></or_exp>
</condition>

<Node id="18" bw="0" op_0_bw="0" op_1_bw="64" op_2_bw="0" op_3_bw="32" op_4_bw="32" op_5_bw="0" op_6_bw="32" op_7_bw="32" op_8_bw="0" op_9_bw="0" op_10_bw="0" op_11_bw="32" op_12_bw="32" op_13_bw="32" op_14_bw="32" op_15_bw="0" op_16_bw="0">
<![CDATA[
codeRepl:11 %specinterface_ln0 = specinterface void @_ssdm_op_SpecInterface, i64 %b, void @empty_9, i32 0, i32 0, void @empty_0, i32 0, i32 0, void @empty_0, void @empty_0, void @empty_0, i32 0, i32 0, i32 0, i32 0, void @empty_0, void @empty_8

]]></Node>
<StgValue><ssdm name="specinterface_ln0"/></StgValue>
</operation>

<operation id="72" st_id="19" stage="1" lat="1">
<core>NULL</core>
<MemPortIdVec></MemPortIdVec>
<condition id="-1">
<or_exp><and_exp></and_exp></or_exp>
</condition>

<Node id="19" bw="0" op_0_bw="0" op_1_bw="64" op_2_bw="0" op_3_bw="32" op_4_bw="32" op_5_bw="0" op_6_bw="32" op_7_bw="32" op_8_bw="0" op_9_bw="0" op_10_bw="0" op_11_bw="32" op_12_bw="32" op_13_bw="32" op_14_bw="32" op_15_bw="0" op_16_bw="0">
<![CDATA[
codeRepl:12 %specinterface_ln0 = specinterface void @_ssdm_op_SpecInterface, i64 %c, void @empty_5, i32 0, i32 0, void @empty_0, i32 0, i32 0, void @empty_6, void @empty_11, void @empty_0, i32 0, i32 0, i32 0, i32 0, void @empty_0, void @empty_8

]]></Node>
<StgValue><ssdm name="specinterface_ln0"/></StgValue>
</operation>

<operation id="73" st_id="19" stage="1" lat="1">
<core>NULL</core>
<MemPortIdVec></MemPortIdVec>
<condition id="-1">
<or_exp><and_exp></and_exp></or_exp>
</condition>

<Node id="20" bw="0" op_0_bw="0" op_1_bw="64" op_2_bw="0" op_3_bw="32" op_4_bw="32" op_5_bw="0" op_6_bw="32" op_7_bw="32" op_8_bw="0" op_9_bw="0" op_10_bw="0" op_11_bw="32" op_12_bw="32" op_13_bw="32" op_14_bw="32" op_15_bw="0" op_16_bw="0">
<![CDATA[
codeRepl:13 %specinterface_ln0 = specinterface void @_ssdm_op_SpecInterface, i64 %c, void @empty_9, i32 0, i32 0, void @empty_0, i32 0, i32 0, void @empty_0, void @empty_0, void @empty_0, i32 0, i32 0, i32 0, i32 0, void @empty_0, void @empty_8

]]></Node>
<StgValue><ssdm name="specinterface_ln0"/></StgValue>
</operation>

<operation id="74" st_id="19" stage="1" lat="1">
<core>NULL</core>
<MemPortIdVec></MemPortIdVec>
<condition id="-1">
<or_exp><and_exp></and_exp></or_exp>
</condition>

<Node id="21" bw="0" op_0_bw="0" op_1_bw="32" op_2_bw="0" op_3_bw="32" op_4_bw="32" op_5_bw="0" op_6_bw="32" op_7_bw="32" op_8_bw="0" op_9_bw="0" op_10_bw="0" op_11_bw="32" op_12_bw="32" op_13_bw="32" op_14_bw="32" op_15_bw="0" op_16_bw="0">
<![CDATA[
codeRepl:14 %specinterface_ln0 = specinterface void @_ssdm_op_SpecInterface, i32 0, void @empty_5, i32 0, i32 0, void @empty_0, i32 0, i32 0, void @empty_12, void @empty_7, void @empty_0, i32 0, i32 0, i32 0, i32 0, void @empty_0, void @empty_0

]]></Node>
<StgValue><ssdm name="specinterface_ln0"/></StgValue>
</operation>

<operation id="75" st_id="19" stage="1" lat="5">
<core>m_axi</core>
<MemPortIdVec></MemPortIdVec>
<condition id="-1">
<or_exp><and_exp></and_exp></or_exp>
</condition>

<Node id="43" bw="1" op_0_bw="1" op_1_bw="32" op_2_bw="0">
<![CDATA[
codeRepl:36 %empty_24 = writeresp i1 @_ssdm_op_WriteResp.m_axi.p1i32, i32 %DATA3_addr

]]></Node>
<StgValue><ssdm name="empty_24"/></StgValue>
</operation>

<operation id="76" st_id="19" stage="1" lat="1">
<core>NULL</core>
<MemPortIdVec></MemPortIdVec>
<condition id="-1">
<or_exp><and_exp></and_exp></or_exp>
</condition>

<Node id="44" bw="0" op_0_bw="32">
<![CDATA[
codeRepl:37 %ret_ln31 = ret i32 0

]]></Node>
<StgValue><ssdm name="ret_ln31"/></StgValue>
</operation>
</state>
</state_list>


<ports>
<port id="95" name="DATA1" dir="0" iftype="4">
<core>NULL</core><StgValue><ssdm name="DATA1"/></StgValue>
</port>
<port id="96" name="DATA2" dir="0" iftype="4">
<core>NULL</core><StgValue><ssdm name="DATA2"/></StgValue>
</port>
<port id="97" name="DATA3" dir="1" iftype="4">
<core>NULL</core><StgValue><ssdm name="DATA3"/></StgValue>
</port>
<port id="98" name="a" dir="0" iftype="0">
<core>NULL</core><StgValue><ssdm name="a"/></StgValue>
</port>
<port id="99" name="b" dir="0" iftype="0">
<core>NULL</core><StgValue><ssdm name="b"/></StgValue>
</port>
<port id="100" name="c" dir="0" iftype="0">
<core>NULL</core><StgValue><ssdm name="c"/></StgValue>
</port>
</ports>


<dataflows>
<dataflow id="102" from="_ssdm_op_Read.s_axilite.i64" to="c_read" fromId="101" toId="20">
</dataflow>
<dataflow id="103" from="c" to="c_read" fromId="100" toId="20">
</dataflow>
<dataflow id="104" from="_ssdm_op_Read.s_axilite.i64" to="b_read" fromId="101" toId="21">
</dataflow>
<dataflow id="105" from="b" to="b_read" fromId="99" toId="21">
</dataflow>
<dataflow id="106" from="_ssdm_op_Read.s_axilite.i64" to="a_read" fromId="101" toId="22">
</dataflow>
<dataflow id="107" from="a" to="a_read" fromId="98" toId="22">
</dataflow>
<dataflow id="109" from="StgValue_108" to="arrayA" fromId="108" toId="23">
</dataflow>
<dataflow id="110" from="StgValue_108" to="arrayB" fromId="108" toId="24">
</dataflow>
<dataflow id="111" from="StgValue_108" to="arrayC" fromId="108" toId="25">
</dataflow>
<dataflow id="113" from="_ssdm_op_PartSelect.i62.i64.i32.i32" to="trunc_ln" fromId="112" toId="26">
</dataflow>
<dataflow id="114" from="a_read" to="trunc_ln" fromId="22" toId="26">
</dataflow>
<dataflow id="116" from="StgValue_115" to="trunc_ln" fromId="115" toId="26">
</dataflow>
<dataflow id="118" from="StgValue_117" to="trunc_ln" fromId="117" toId="26">
</dataflow>
<dataflow id="119" from="_ssdm_op_PartSelect.i62.i64.i32.i32" to="trunc_ln15_1" fromId="112" toId="27">
</dataflow>
<dataflow id="120" from="b_read" to="trunc_ln15_1" fromId="21" toId="27">
</dataflow>
<dataflow id="121" from="StgValue_115" to="trunc_ln15_1" fromId="115" toId="27">
</dataflow>
<dataflow id="122" from="StgValue_117" to="trunc_ln15_1" fromId="117" toId="27">
</dataflow>
<dataflow id="123" from="_ssdm_op_PartSelect.i62.i64.i32.i32" to="trunc_ln1" fromId="112" toId="28">
</dataflow>
<dataflow id="124" from="c_read" to="trunc_ln1" fromId="20" toId="28">
</dataflow>
<dataflow id="125" from="StgValue_115" to="trunc_ln1" fromId="115" toId="28">
</dataflow>
<dataflow id="126" from="StgValue_117" to="trunc_ln1" fromId="117" toId="28">
</dataflow>
<dataflow id="127" from="trunc_ln" to="sext_ln15" fromId="26" toId="29">
</dataflow>
<dataflow id="128" from="DATA1" to="DATA1_addr" fromId="95" toId="30">
</dataflow>
<dataflow id="129" from="sext_ln15" to="DATA1_addr" fromId="29" toId="30">
</dataflow>
<dataflow id="131" from="_ssdm_op_ReadReq.m_axi.p1i32" to="empty" fromId="130" toId="31">
</dataflow>
<dataflow id="132" from="DATA1_addr" to="empty" fromId="30" toId="31">
</dataflow>
<dataflow id="134" from="StgValue_133" to="empty" fromId="133" toId="31">
</dataflow>
<dataflow id="135" from="trunc_ln15_1" to="sext_ln15_1" fromId="27" toId="32">
</dataflow>
<dataflow id="136" from="DATA2" to="DATA2_addr" fromId="96" toId="33">
</dataflow>
<dataflow id="137" from="sext_ln15_1" to="DATA2_addr" fromId="32" toId="33">
</dataflow>
<dataflow id="138" from="_ssdm_op_ReadReq.m_axi.p1i32" to="empty_22" fromId="130" toId="34">
</dataflow>
<dataflow id="139" from="DATA2_addr" to="empty_22" fromId="33" toId="34">
</dataflow>
<dataflow id="140" from="StgValue_133" to="empty_22" fromId="133" toId="34">
</dataflow>
<dataflow id="141" from="_ssdm_op_ReadReq.m_axi.p1i32" to="empty" fromId="130" toId="35">
</dataflow>
<dataflow id="142" from="DATA1_addr" to="empty" fromId="30" toId="35">
</dataflow>
<dataflow id="143" from="StgValue_133" to="empty" fromId="133" toId="35">
</dataflow>
<dataflow id="144" from="_ssdm_op_ReadReq.m_axi.p1i32" to="empty_22" fromId="130" toId="36">
</dataflow>
<dataflow id="145" from="DATA2_addr" to="empty_22" fromId="33" toId="36">
</dataflow>
<dataflow id="146" from="StgValue_133" to="empty_22" fromId="133" toId="36">
</dataflow>
<dataflow id="147" from="_ssdm_op_ReadReq.m_axi.p1i32" to="empty" fromId="130" toId="37">
</dataflow>
<dataflow id="148" from="DATA1_addr" to="empty" fromId="30" toId="37">
</dataflow>
<dataflow id="149" from="StgValue_133" to="empty" fromId="133" toId="37">
</dataflow>
<dataflow id="150" from="_ssdm_op_ReadReq.m_axi.p1i32" to="empty_22" fromId="130" toId="38">
</dataflow>
<dataflow id="151" from="DATA2_addr" to="empty_22" fromId="33" toId="38">
</dataflow>
<dataflow id="152" from="StgValue_133" to="empty_22" fromId="133" toId="38">
</dataflow>
<dataflow id="153" from="_ssdm_op_ReadReq.m_axi.p1i32" to="empty" fromId="130" toId="39">
</dataflow>
<dataflow id="154" from="DATA1_addr" to="empty" fromId="30" toId="39">
</dataflow>
<dataflow id="155" from="StgValue_133" to="empty" fromId="133" toId="39">
</dataflow>
<dataflow id="156" from="_ssdm_op_ReadReq.m_axi.p1i32" to="empty_22" fromId="130" toId="40">
</dataflow>
<dataflow id="157" from="DATA2_addr" to="empty_22" fromId="33" toId="40">
</dataflow>
<dataflow id="158" from="StgValue_133" to="empty_22" fromId="133" toId="40">
</dataflow>
<dataflow id="159" from="_ssdm_op_ReadReq.m_axi.p1i32" to="empty" fromId="130" toId="41">
</dataflow>
<dataflow id="160" from="DATA1_addr" to="empty" fromId="30" toId="41">
</dataflow>
<dataflow id="161" from="StgValue_133" to="empty" fromId="133" toId="41">
</dataflow>
<dataflow id="162" from="_ssdm_op_ReadReq.m_axi.p1i32" to="empty_22" fromId="130" toId="42">
</dataflow>
<dataflow id="163" from="DATA2_addr" to="empty_22" fromId="33" toId="42">
</dataflow>
<dataflow id="164" from="StgValue_133" to="empty_22" fromId="133" toId="42">
</dataflow>
<dataflow id="165" from="_ssdm_op_ReadReq.m_axi.p1i32" to="empty" fromId="130" toId="43">
</dataflow>
<dataflow id="166" from="DATA1_addr" to="empty" fromId="30" toId="43">
</dataflow>
<dataflow id="167" from="StgValue_133" to="empty" fromId="133" toId="43">
</dataflow>
<dataflow id="168" from="_ssdm_op_ReadReq.m_axi.p1i32" to="empty_22" fromId="130" toId="44">
</dataflow>
<dataflow id="169" from="DATA2_addr" to="empty_22" fromId="33" toId="44">
</dataflow>
<dataflow id="170" from="StgValue_133" to="empty_22" fromId="133" toId="44">
</dataflow>
<dataflow id="171" from="_ssdm_op_ReadReq.m_axi.p1i32" to="empty" fromId="130" toId="45">
</dataflow>
<dataflow id="172" from="DATA1_addr" to="empty" fromId="30" toId="45">
</dataflow>
<dataflow id="173" from="StgValue_133" to="empty" fromId="133" toId="45">
</dataflow>
<dataflow id="174" from="_ssdm_op_ReadReq.m_axi.p1i32" to="empty_22" fromId="130" toId="46">
</dataflow>
<dataflow id="175" from="DATA2_addr" to="empty_22" fromId="33" toId="46">
</dataflow>
<dataflow id="176" from="StgValue_133" to="empty_22" fromId="133" toId="46">
</dataflow>
<dataflow id="178" from="vector_add_Pipeline_VITIS_LOOP_15_1" to="call_ln15" fromId="177" toId="47">
</dataflow>
<dataflow id="179" from="DATA2" to="call_ln15" fromId="96" toId="47">
</dataflow>
<dataflow id="180" from="trunc_ln15_1" to="call_ln15" fromId="27" toId="47">
</dataflow>
<dataflow id="181" from="DATA1" to="call_ln15" fromId="95" toId="47">
</dataflow>
<dataflow id="182" from="trunc_ln" to="call_ln15" fromId="26" toId="47">
</dataflow>
<dataflow id="183" from="arrayA" to="call_ln15" fromId="23" toId="47">
</dataflow>
<dataflow id="184" from="arrayB" to="call_ln15" fromId="24" toId="47">
</dataflow>
<dataflow id="185" from="arrayC" to="call_ln15" fromId="25" toId="47">
</dataflow>
<dataflow id="186" from="vector_add_Pipeline_VITIS_LOOP_15_1" to="call_ln15" fromId="177" toId="48">
</dataflow>
<dataflow id="187" from="DATA2" to="call_ln15" fromId="96" toId="48">
</dataflow>
<dataflow id="188" from="trunc_ln15_1" to="call_ln15" fromId="27" toId="48">
</dataflow>
<dataflow id="189" from="DATA1" to="call_ln15" fromId="95" toId="48">
</dataflow>
<dataflow id="190" from="trunc_ln" to="call_ln15" fromId="26" toId="48">
</dataflow>
<dataflow id="191" from="arrayA" to="call_ln15" fromId="23" toId="48">
</dataflow>
<dataflow id="192" from="arrayB" to="call_ln15" fromId="24" toId="48">
</dataflow>
<dataflow id="193" from="arrayC" to="call_ln15" fromId="25" toId="48">
</dataflow>
<dataflow id="195" from="vector_add_Pipeline_VITIS_LOOP_22_2" to="call_ln0" fromId="194" toId="49">
</dataflow>
<dataflow id="196" from="arrayA" to="call_ln0" fromId="23" toId="49">
</dataflow>
<dataflow id="197" from="arrayB" to="call_ln0" fromId="24" toId="49">
</dataflow>
<dataflow id="198" from="arrayC" to="call_ln0" fromId="25" toId="49">
</dataflow>
<dataflow id="199" from="vector_add_Pipeline_VITIS_LOOP_22_2" to="call_ln0" fromId="194" toId="50">
</dataflow>
<dataflow id="200" from="arrayA" to="call_ln0" fromId="23" toId="50">
</dataflow>
<dataflow id="201" from="arrayB" to="call_ln0" fromId="24" toId="50">
</dataflow>
<dataflow id="202" from="arrayC" to="call_ln0" fromId="25" toId="50">
</dataflow>
<dataflow id="203" from="trunc_ln1" to="sext_ln27" fromId="28" toId="51">
</dataflow>
<dataflow id="204" from="DATA3" to="DATA3_addr" fromId="97" toId="52">
</dataflow>
<dataflow id="205" from="sext_ln27" to="DATA3_addr" fromId="51" toId="52">
</dataflow>
<dataflow id="207" from="_ssdm_op_WriteReq.m_axi.p1i32" to="empty_23" fromId="206" toId="53">
</dataflow>
<dataflow id="208" from="DATA3_addr" to="empty_23" fromId="52" toId="53">
</dataflow>
<dataflow id="209" from="StgValue_133" to="empty_23" fromId="133" toId="53">
</dataflow>
<dataflow id="211" from="vector_add_Pipeline_VITIS_LOOP_27_3" to="call_ln27" fromId="210" toId="54">
</dataflow>
<dataflow id="212" from="DATA3" to="call_ln27" fromId="97" toId="54">
</dataflow>
<dataflow id="213" from="trunc_ln1" to="call_ln27" fromId="28" toId="54">
</dataflow>
<dataflow id="214" from="arrayC" to="call_ln27" fromId="25" toId="54">
</dataflow>
<dataflow id="215" from="vector_add_Pipeline_VITIS_LOOP_27_3" to="call_ln27" fromId="210" toId="55">
</dataflow>
<dataflow id="216" from="DATA3" to="call_ln27" fromId="97" toId="55">
</dataflow>
<dataflow id="217" from="trunc_ln1" to="call_ln27" fromId="28" toId="55">
</dataflow>
<dataflow id="218" from="arrayC" to="call_ln27" fromId="25" toId="55">
</dataflow>
<dataflow id="220" from="_ssdm_op_WriteResp.m_axi.p1i32" to="empty_24" fromId="219" toId="56">
</dataflow>
<dataflow id="221" from="DATA3_addr" to="empty_24" fromId="52" toId="56">
</dataflow>
<dataflow id="222" from="_ssdm_op_WriteResp.m_axi.p1i32" to="empty_24" fromId="219" toId="57">
</dataflow>
<dataflow id="223" from="DATA3_addr" to="empty_24" fromId="52" toId="57">
</dataflow>
<dataflow id="224" from="_ssdm_op_WriteResp.m_axi.p1i32" to="empty_24" fromId="219" toId="58">
</dataflow>
<dataflow id="225" from="DATA3_addr" to="empty_24" fromId="52" toId="58">
</dataflow>
<dataflow id="226" from="_ssdm_op_WriteResp.m_axi.p1i32" to="empty_24" fromId="219" toId="59">
</dataflow>
<dataflow id="227" from="DATA3_addr" to="empty_24" fromId="52" toId="59">
</dataflow>
<dataflow id="229" from="_ssdm_op_SpecBitsMap" to="specbitsmap_ln0" fromId="228" toId="60">
</dataflow>
<dataflow id="231" from="StgValue_230" to="specbitsmap_ln0" fromId="230" toId="60">
</dataflow>
<dataflow id="233" from="_ssdm_op_SpecTopModule" to="spectopmodule_ln0" fromId="232" toId="61">
</dataflow>
<dataflow id="235" from="empty_13" to="spectopmodule_ln0" fromId="234" toId="61">
</dataflow>
<dataflow id="237" from="_ssdm_op_SpecInterface" to="specinterface_ln0" fromId="236" toId="62">
</dataflow>
<dataflow id="238" from="DATA1" to="specinterface_ln0" fromId="95" toId="62">
</dataflow>
<dataflow id="240" from="empty" to="specinterface_ln0" fromId="239" toId="62">
</dataflow>
<dataflow id="241" from="StgValue_230" to="specinterface_ln0" fromId="230" toId="62">
</dataflow>
<dataflow id="242" from="StgValue_230" to="specinterface_ln0" fromId="230" toId="62">
</dataflow>
<dataflow id="244" from="empty_0" to="specinterface_ln0" fromId="243" toId="62">
</dataflow>
<dataflow id="245" from="StgValue_230" to="specinterface_ln0" fromId="230" toId="62">
</dataflow>
<dataflow id="246" from="StgValue_230" to="specinterface_ln0" fromId="230" toId="62">
</dataflow>
<dataflow id="248" from="empty_1" to="specinterface_ln0" fromId="247" toId="62">
</dataflow>
<dataflow id="250" from="empty_2" to="specinterface_ln0" fromId="249" toId="62">
</dataflow>
<dataflow id="251" from="empty_0" to="specinterface_ln0" fromId="243" toId="62">
</dataflow>
<dataflow id="253" from="StgValue_252" to="specinterface_ln0" fromId="252" toId="62">
</dataflow>
<dataflow id="254" from="StgValue_252" to="specinterface_ln0" fromId="252" toId="62">
</dataflow>
<dataflow id="255" from="StgValue_252" to="specinterface_ln0" fromId="252" toId="62">
</dataflow>
<dataflow id="256" from="StgValue_252" to="specinterface_ln0" fromId="252" toId="62">
</dataflow>
<dataflow id="257" from="empty_0" to="specinterface_ln0" fromId="243" toId="62">
</dataflow>
<dataflow id="258" from="empty_0" to="specinterface_ln0" fromId="243" toId="62">
</dataflow>
<dataflow id="259" from="_ssdm_op_SpecBitsMap" to="specbitsmap_ln0" fromId="228" toId="63">
</dataflow>
<dataflow id="260" from="DATA1" to="specbitsmap_ln0" fromId="95" toId="63">
</dataflow>
<dataflow id="261" from="_ssdm_op_SpecInterface" to="specinterface_ln0" fromId="236" toId="64">
</dataflow>
<dataflow id="262" from="DATA2" to="specinterface_ln0" fromId="96" toId="64">
</dataflow>
<dataflow id="263" from="empty" to="specinterface_ln0" fromId="239" toId="64">
</dataflow>
<dataflow id="264" from="StgValue_230" to="specinterface_ln0" fromId="230" toId="64">
</dataflow>
<dataflow id="265" from="StgValue_230" to="specinterface_ln0" fromId="230" toId="64">
</dataflow>
<dataflow id="266" from="empty_0" to="specinterface_ln0" fromId="243" toId="64">
</dataflow>
<dataflow id="267" from="StgValue_230" to="specinterface_ln0" fromId="230" toId="64">
</dataflow>
<dataflow id="268" from="StgValue_230" to="specinterface_ln0" fromId="230" toId="64">
</dataflow>
<dataflow id="270" from="empty_3" to="specinterface_ln0" fromId="269" toId="64">
</dataflow>
<dataflow id="271" from="empty_2" to="specinterface_ln0" fromId="249" toId="64">
</dataflow>
<dataflow id="272" from="empty_0" to="specinterface_ln0" fromId="243" toId="64">
</dataflow>
<dataflow id="273" from="StgValue_252" to="specinterface_ln0" fromId="252" toId="64">
</dataflow>
<dataflow id="274" from="StgValue_252" to="specinterface_ln0" fromId="252" toId="64">
</dataflow>
<dataflow id="275" from="StgValue_252" to="specinterface_ln0" fromId="252" toId="64">
</dataflow>
<dataflow id="276" from="StgValue_252" to="specinterface_ln0" fromId="252" toId="64">
</dataflow>
<dataflow id="277" from="empty_0" to="specinterface_ln0" fromId="243" toId="64">
</dataflow>
<dataflow id="278" from="empty_0" to="specinterface_ln0" fromId="243" toId="64">
</dataflow>
<dataflow id="279" from="_ssdm_op_SpecBitsMap" to="specbitsmap_ln0" fromId="228" toId="65">
</dataflow>
<dataflow id="280" from="DATA2" to="specbitsmap_ln0" fromId="96" toId="65">
</dataflow>
<dataflow id="281" from="_ssdm_op_SpecInterface" to="specinterface_ln0" fromId="236" toId="66">
</dataflow>
<dataflow id="282" from="DATA3" to="specinterface_ln0" fromId="97" toId="66">
</dataflow>
<dataflow id="283" from="empty" to="specinterface_ln0" fromId="239" toId="66">
</dataflow>
<dataflow id="284" from="StgValue_230" to="specinterface_ln0" fromId="230" toId="66">
</dataflow>
<dataflow id="285" from="StgValue_230" to="specinterface_ln0" fromId="230" toId="66">
</dataflow>
<dataflow id="286" from="empty_0" to="specinterface_ln0" fromId="243" toId="66">
</dataflow>
<dataflow id="287" from="StgValue_230" to="specinterface_ln0" fromId="230" toId="66">
</dataflow>
<dataflow id="288" from="StgValue_230" to="specinterface_ln0" fromId="230" toId="66">
</dataflow>
<dataflow id="290" from="empty_4" to="specinterface_ln0" fromId="289" toId="66">
</dataflow>
<dataflow id="291" from="empty_2" to="specinterface_ln0" fromId="249" toId="66">
</dataflow>
<dataflow id="292" from="empty_0" to="specinterface_ln0" fromId="243" toId="66">
</dataflow>
<dataflow id="293" from="StgValue_252" to="specinterface_ln0" fromId="252" toId="66">
</dataflow>
<dataflow id="294" from="StgValue_252" to="specinterface_ln0" fromId="252" toId="66">
</dataflow>
<dataflow id="295" from="StgValue_252" to="specinterface_ln0" fromId="252" toId="66">
</dataflow>
<dataflow id="296" from="StgValue_252" to="specinterface_ln0" fromId="252" toId="66">
</dataflow>
<dataflow id="297" from="empty_0" to="specinterface_ln0" fromId="243" toId="66">
</dataflow>
<dataflow id="298" from="empty_0" to="specinterface_ln0" fromId="243" toId="66">
</dataflow>
<dataflow id="299" from="_ssdm_op_SpecBitsMap" to="specbitsmap_ln0" fromId="228" toId="67">
</dataflow>
<dataflow id="300" from="DATA3" to="specbitsmap_ln0" fromId="97" toId="67">
</dataflow>
<dataflow id="301" from="_ssdm_op_SpecInterface" to="specinterface_ln0" fromId="236" toId="68">
</dataflow>
<dataflow id="302" from="a" to="specinterface_ln0" fromId="98" toId="68">
</dataflow>
<dataflow id="304" from="empty_5" to="specinterface_ln0" fromId="303" toId="68">
</dataflow>
<dataflow id="305" from="StgValue_230" to="specinterface_ln0" fromId="230" toId="68">
</dataflow>
<dataflow id="306" from="StgValue_230" to="specinterface_ln0" fromId="230" toId="68">
</dataflow>
<dataflow id="307" from="empty_0" to="specinterface_ln0" fromId="243" toId="68">
</dataflow>
<dataflow id="308" from="StgValue_230" to="specinterface_ln0" fromId="230" toId="68">
</dataflow>
<dataflow id="309" from="StgValue_230" to="specinterface_ln0" fromId="230" toId="68">
</dataflow>
<dataflow id="311" from="empty_6" to="specinterface_ln0" fromId="310" toId="68">
</dataflow>
<dataflow id="313" from="empty_7" to="specinterface_ln0" fromId="312" toId="68">
</dataflow>
<dataflow id="314" from="empty_0" to="specinterface_ln0" fromId="243" toId="68">
</dataflow>
<dataflow id="315" from="StgValue_230" to="specinterface_ln0" fromId="230" toId="68">
</dataflow>
<dataflow id="316" from="StgValue_230" to="specinterface_ln0" fromId="230" toId="68">
</dataflow>
<dataflow id="317" from="StgValue_230" to="specinterface_ln0" fromId="230" toId="68">
</dataflow>
<dataflow id="318" from="StgValue_230" to="specinterface_ln0" fromId="230" toId="68">
</dataflow>
<dataflow id="319" from="empty_0" to="specinterface_ln0" fromId="243" toId="68">
</dataflow>
<dataflow id="321" from="empty_8" to="specinterface_ln0" fromId="320" toId="68">
</dataflow>
<dataflow id="322" from="_ssdm_op_SpecInterface" to="specinterface_ln0" fromId="236" toId="69">
</dataflow>
<dataflow id="323" from="a" to="specinterface_ln0" fromId="98" toId="69">
</dataflow>
<dataflow id="325" from="empty_9" to="specinterface_ln0" fromId="324" toId="69">
</dataflow>
<dataflow id="326" from="StgValue_230" to="specinterface_ln0" fromId="230" toId="69">
</dataflow>
<dataflow id="327" from="StgValue_230" to="specinterface_ln0" fromId="230" toId="69">
</dataflow>
<dataflow id="328" from="empty_0" to="specinterface_ln0" fromId="243" toId="69">
</dataflow>
<dataflow id="329" from="StgValue_230" to="specinterface_ln0" fromId="230" toId="69">
</dataflow>
<dataflow id="330" from="StgValue_230" to="specinterface_ln0" fromId="230" toId="69">
</dataflow>
<dataflow id="331" from="empty_0" to="specinterface_ln0" fromId="243" toId="69">
</dataflow>
<dataflow id="332" from="empty_0" to="specinterface_ln0" fromId="243" toId="69">
</dataflow>
<dataflow id="333" from="empty_0" to="specinterface_ln0" fromId="243" toId="69">
</dataflow>
<dataflow id="334" from="StgValue_230" to="specinterface_ln0" fromId="230" toId="69">
</dataflow>
<dataflow id="335" from="StgValue_230" to="specinterface_ln0" fromId="230" toId="69">
</dataflow>
<dataflow id="336" from="StgValue_230" to="specinterface_ln0" fromId="230" toId="69">
</dataflow>
<dataflow id="337" from="StgValue_230" to="specinterface_ln0" fromId="230" toId="69">
</dataflow>
<dataflow id="338" from="empty_0" to="specinterface_ln0" fromId="243" toId="69">
</dataflow>
<dataflow id="339" from="empty_8" to="specinterface_ln0" fromId="320" toId="69">
</dataflow>
<dataflow id="340" from="_ssdm_op_SpecInterface" to="specinterface_ln0" fromId="236" toId="70">
</dataflow>
<dataflow id="341" from="b" to="specinterface_ln0" fromId="99" toId="70">
</dataflow>
<dataflow id="342" from="empty_5" to="specinterface_ln0" fromId="303" toId="70">
</dataflow>
<dataflow id="343" from="StgValue_230" to="specinterface_ln0" fromId="230" toId="70">
</dataflow>
<dataflow id="344" from="StgValue_230" to="specinterface_ln0" fromId="230" toId="70">
</dataflow>
<dataflow id="345" from="empty_0" to="specinterface_ln0" fromId="243" toId="70">
</dataflow>
<dataflow id="346" from="StgValue_230" to="specinterface_ln0" fromId="230" toId="70">
</dataflow>
<dataflow id="347" from="StgValue_230" to="specinterface_ln0" fromId="230" toId="70">
</dataflow>
<dataflow id="348" from="empty_6" to="specinterface_ln0" fromId="310" toId="70">
</dataflow>
<dataflow id="350" from="empty_10" to="specinterface_ln0" fromId="349" toId="70">
</dataflow>
<dataflow id="351" from="empty_0" to="specinterface_ln0" fromId="243" toId="70">
</dataflow>
<dataflow id="352" from="StgValue_230" to="specinterface_ln0" fromId="230" toId="70">
</dataflow>
<dataflow id="353" from="StgValue_230" to="specinterface_ln0" fromId="230" toId="70">
</dataflow>
<dataflow id="354" from="StgValue_230" to="specinterface_ln0" fromId="230" toId="70">
</dataflow>
<dataflow id="355" from="StgValue_230" to="specinterface_ln0" fromId="230" toId="70">
</dataflow>
<dataflow id="356" from="empty_0" to="specinterface_ln0" fromId="243" toId="70">
</dataflow>
<dataflow id="357" from="empty_8" to="specinterface_ln0" fromId="320" toId="70">
</dataflow>
<dataflow id="358" from="_ssdm_op_SpecInterface" to="specinterface_ln0" fromId="236" toId="71">
</dataflow>
<dataflow id="359" from="b" to="specinterface_ln0" fromId="99" toId="71">
</dataflow>
<dataflow id="360" from="empty_9" to="specinterface_ln0" fromId="324" toId="71">
</dataflow>
<dataflow id="361" from="StgValue_230" to="specinterface_ln0" fromId="230" toId="71">
</dataflow>
<dataflow id="362" from="StgValue_230" to="specinterface_ln0" fromId="230" toId="71">
</dataflow>
<dataflow id="363" from="empty_0" to="specinterface_ln0" fromId="243" toId="71">
</dataflow>
<dataflow id="364" from="StgValue_230" to="specinterface_ln0" fromId="230" toId="71">
</dataflow>
<dataflow id="365" from="StgValue_230" to="specinterface_ln0" fromId="230" toId="71">
</dataflow>
<dataflow id="366" from="empty_0" to="specinterface_ln0" fromId="243" toId="71">
</dataflow>
<dataflow id="367" from="empty_0" to="specinterface_ln0" fromId="243" toId="71">
</dataflow>
<dataflow id="368" from="empty_0" to="specinterface_ln0" fromId="243" toId="71">
</dataflow>
<dataflow id="369" from="StgValue_230" to="specinterface_ln0" fromId="230" toId="71">
</dataflow>
<dataflow id="370" from="StgValue_230" to="specinterface_ln0" fromId="230" toId="71">
</dataflow>
<dataflow id="371" from="StgValue_230" to="specinterface_ln0" fromId="230" toId="71">
</dataflow>
<dataflow id="372" from="StgValue_230" to="specinterface_ln0" fromId="230" toId="71">
</dataflow>
<dataflow id="373" from="empty_0" to="specinterface_ln0" fromId="243" toId="71">
</dataflow>
<dataflow id="374" from="empty_8" to="specinterface_ln0" fromId="320" toId="71">
</dataflow>
<dataflow id="375" from="_ssdm_op_SpecInterface" to="specinterface_ln0" fromId="236" toId="72">
</dataflow>
<dataflow id="376" from="c" to="specinterface_ln0" fromId="100" toId="72">
</dataflow>
<dataflow id="377" from="empty_5" to="specinterface_ln0" fromId="303" toId="72">
</dataflow>
<dataflow id="378" from="StgValue_230" to="specinterface_ln0" fromId="230" toId="72">
</dataflow>
<dataflow id="379" from="StgValue_230" to="specinterface_ln0" fromId="230" toId="72">
</dataflow>
<dataflow id="380" from="empty_0" to="specinterface_ln0" fromId="243" toId="72">
</dataflow>
<dataflow id="381" from="StgValue_230" to="specinterface_ln0" fromId="230" toId="72">
</dataflow>
<dataflow id="382" from="StgValue_230" to="specinterface_ln0" fromId="230" toId="72">
</dataflow>
<dataflow id="383" from="empty_6" to="specinterface_ln0" fromId="310" toId="72">
</dataflow>
<dataflow id="385" from="empty_11" to="specinterface_ln0" fromId="384" toId="72">
</dataflow>
<dataflow id="386" from="empty_0" to="specinterface_ln0" fromId="243" toId="72">
</dataflow>
<dataflow id="387" from="StgValue_230" to="specinterface_ln0" fromId="230" toId="72">
</dataflow>
<dataflow id="388" from="StgValue_230" to="specinterface_ln0" fromId="230" toId="72">
</dataflow>
<dataflow id="389" from="StgValue_230" to="specinterface_ln0" fromId="230" toId="72">
</dataflow>
<dataflow id="390" from="StgValue_230" to="specinterface_ln0" fromId="230" toId="72">
</dataflow>
<dataflow id="391" from="empty_0" to="specinterface_ln0" fromId="243" toId="72">
</dataflow>
<dataflow id="392" from="empty_8" to="specinterface_ln0" fromId="320" toId="72">
</dataflow>
<dataflow id="393" from="_ssdm_op_SpecInterface" to="specinterface_ln0" fromId="236" toId="73">
</dataflow>
<dataflow id="394" from="c" to="specinterface_ln0" fromId="100" toId="73">
</dataflow>
<dataflow id="395" from="empty_9" to="specinterface_ln0" fromId="324" toId="73">
</dataflow>
<dataflow id="396" from="StgValue_230" to="specinterface_ln0" fromId="230" toId="73">
</dataflow>
<dataflow id="397" from="StgValue_230" to="specinterface_ln0" fromId="230" toId="73">
</dataflow>
<dataflow id="398" from="empty_0" to="specinterface_ln0" fromId="243" toId="73">
</dataflow>
<dataflow id="399" from="StgValue_230" to="specinterface_ln0" fromId="230" toId="73">
</dataflow>
<dataflow id="400" from="StgValue_230" to="specinterface_ln0" fromId="230" toId="73">
</dataflow>
<dataflow id="401" from="empty_0" to="specinterface_ln0" fromId="243" toId="73">
</dataflow>
<dataflow id="402" from="empty_0" to="specinterface_ln0" fromId="243" toId="73">
</dataflow>
<dataflow id="403" from="empty_0" to="specinterface_ln0" fromId="243" toId="73">
</dataflow>
<dataflow id="404" from="StgValue_230" to="specinterface_ln0" fromId="230" toId="73">
</dataflow>
<dataflow id="405" from="StgValue_230" to="specinterface_ln0" fromId="230" toId="73">
</dataflow>
<dataflow id="406" from="StgValue_230" to="specinterface_ln0" fromId="230" toId="73">
</dataflow>
<dataflow id="407" from="StgValue_230" to="specinterface_ln0" fromId="230" toId="73">
</dataflow>
<dataflow id="408" from="empty_0" to="specinterface_ln0" fromId="243" toId="73">
</dataflow>
<dataflow id="409" from="empty_8" to="specinterface_ln0" fromId="320" toId="73">
</dataflow>
<dataflow id="410" from="_ssdm_op_SpecInterface" to="specinterface_ln0" fromId="236" toId="74">
</dataflow>
<dataflow id="411" from="StgValue_230" to="specinterface_ln0" fromId="230" toId="74">
</dataflow>
<dataflow id="412" from="empty_5" to="specinterface_ln0" fromId="303" toId="74">
</dataflow>
<dataflow id="413" from="StgValue_230" to="specinterface_ln0" fromId="230" toId="74">
</dataflow>
<dataflow id="414" from="StgValue_230" to="specinterface_ln0" fromId="230" toId="74">
</dataflow>
<dataflow id="415" from="empty_0" to="specinterface_ln0" fromId="243" toId="74">
</dataflow>
<dataflow id="416" from="StgValue_230" to="specinterface_ln0" fromId="230" toId="74">
</dataflow>
<dataflow id="417" from="StgValue_230" to="specinterface_ln0" fromId="230" toId="74">
</dataflow>
<dataflow id="419" from="empty_12" to="specinterface_ln0" fromId="418" toId="74">
</dataflow>
<dataflow id="420" from="empty_7" to="specinterface_ln0" fromId="312" toId="74">
</dataflow>
<dataflow id="421" from="empty_0" to="specinterface_ln0" fromId="243" toId="74">
</dataflow>
<dataflow id="422" from="StgValue_230" to="specinterface_ln0" fromId="230" toId="74">
</dataflow>
<dataflow id="423" from="StgValue_230" to="specinterface_ln0" fromId="230" toId="74">
</dataflow>
<dataflow id="424" from="StgValue_230" to="specinterface_ln0" fromId="230" toId="74">
</dataflow>
<dataflow id="425" from="StgValue_230" to="specinterface_ln0" fromId="230" toId="74">
</dataflow>
<dataflow id="426" from="empty_0" to="specinterface_ln0" fromId="243" toId="74">
</dataflow>
<dataflow id="427" from="empty_0" to="specinterface_ln0" fromId="243" toId="74">
</dataflow>
<dataflow id="428" from="_ssdm_op_WriteResp.m_axi.p1i32" to="empty_24" fromId="219" toId="75">
</dataflow>
<dataflow id="429" from="DATA3_addr" to="empty_24" fromId="52" toId="75">
</dataflow>
<dataflow id="430" from="StgValue_230" to="ret_ln31" fromId="230" toId="76">
</dataflow>
</dataflows>


</stg>
