<?xml version="1.0" encoding="utf-8"?>
<xd:acceleratorMap xmlns:xd="http://www.xilinx.com/xidane" xd:functionName="vector_add" xd:componentRef="vector_add" xd:initiationInterval="3098" xd:clockPeriod="10" xd:sequential="true" xd:hostMachine="64" xd:reset="control">
  <xd:returnValue xd:interfaceRef="s_axi_ctrl" xd:busTypeRef="axilite" xd:offset="0x10" xd:handshakeRef="ap_none" xd:dataWidth="32"/>
  <xd:controlReg xd:name="control" xd:interfaceRef="s_axi_ctrl" xd:busTypeRef="axilite" xd:type="generic_axi_lite" xd:offset="0x0"/>
  <xd:arg xd:name="*(a)" xd:originalName="a" xd:direction="inout" xd:interfaceRef="m_axi_DATA1" xd:busTypeRef="aximm" xd:dataWidth="32" xd:bufferDirection="in"/>
  <xd:arg xd:name="a" xd:originalName="a" xd:direction="in" xd:interfaceRef="s_axi_control" xd:busTypeRef="axilite" xd:offset="0x10" xd:dataWidth="32" xd:aximmInterfaceRef="m_axi_DATA1"/>
  <xd:arg xd:name="*(b)" xd:originalName="b" xd:direction="inout" xd:interfaceRef="m_axi_DATA2" xd:busTypeRef="aximm" xd:dataWidth="32" xd:bufferDirection="in"/>
  <xd:arg xd:name="b" xd:originalName="b" xd:direction="in" xd:interfaceRef="s_axi_control" xd:busTypeRef="axilite" xd:offset="0x1C" xd:dataWidth="32" xd:aximmInterfaceRef="m_axi_DATA2"/>
  <xd:arg xd:name="*(c)" xd:originalName="c" xd:direction="inout" xd:interfaceRef="m_axi_DATA3" xd:busTypeRef="aximm" xd:dataWidth="32" xd:bufferDirection="out"/>
  <xd:arg xd:name="c" xd:originalName="c" xd:direction="in" xd:interfaceRef="s_axi_control" xd:busTypeRef="axilite" xd:offset="0x28" xd:dataWidth="32" xd:aximmInterfaceRef="m_axi_DATA3"/>
  <xd:latencyEstimates xd:best-case="3097" xd:worst-case="3097" xd:average-case="3097"/>
  <xd:resourceEstimates xd:LUT="2892" xd:FF="2464" xd:BRAM="0" xd:DSP="0"/>
</xd:acceleratorMap>
