<?xml version="1.0" encoding="UTF-8"?>
<project>
  <core name="" type="" target="">
    <kernel name="vector_add" language="c" vlnv="xilinx.com:hls:vector_add:1.0" attributes="" hash="" preferredWorkGroupSizeMultiple="0" workGroupSize="1" debug="false" interrupt="true">
      <port name="S_AXI_CONTROL" mode="slave" range="0x1000" dataWidth="64" portType="addressable" base="0x00000000"/>
      <port name="S_AXI_CTRL" mode="slave" range="0x1000" dataWidth="64" portType="addressable" base="0x00000000"/>
      <port name="M_AXI_DATA1" mode="master" range="0xFFFFFFFF" dataWidth="-1" portType="addressable" base="0x00000000"/>
      <port name="M_AXI_DATA2" mode="master" range="0xFFFFFFFF" dataWidth="-1" portType="addressable" base="0x00000000"/>
      <port name="M_AXI_DATA3" mode="master" range="0xFFFFFFFF" dataWidth="-1" portType="addressable" base="0x00000000"/>
      <arg name="a" addressQualifier="1" id="0" port="M_AXI_DATA1" size="0x4" offset="0x10" hostOffset="0x0" hostSize="0x4" type=""/>
      <arg name="b" addressQualifier="1" id="1" port="M_AXI_DATA2" size="0x4" offset="0x1C" hostOffset="0x0" hostSize="0x4" type=""/>
      <arg name="c" addressQualifier="1" id="2" port="M_AXI_DATA3" size="0x4" offset="0x28" hostOffset="0x0" hostSize="0x4" type=""/>
      <compileWorkGroupSize x="1" y="1" z="1"/>
    </kernel>
  </core>
</project>
