<?xml version="1.0"?>
<Runs Version="1" Minor="0">
	<Run Id="design_1v_processing_system7_0_0_synth_1" LaunchDir="C:/Users/zeqiangz01/Desktop/vector_addition_project/vivado_hw_design/vector_add_hw_design_1/vector_add_hw_design_1.runs/design_1v_processing_system7_0_0_synth_1" FlowId="Vivado_Synthesis" FromStepId="vivado" ToStepId="vivado"/>
	<Run Id="design_1v_vector_add_0_0_synth_1" LaunchDir="C:/Users/zeqiangz01/Desktop/vector_addition_project/vivado_hw_design/vector_add_hw_design_1/vector_add_hw_design_1.runs/design_1v_vector_add_0_0_synth_1" FlowId="Vivado_Synthesis" FromStepId="vivado" ToStepId="vivado"/>
	<Run Id="design_1v_rst_ps7_0_100M_0_synth_1" LaunchDir="C:/Users/zeqiangz01/Desktop/vector_addition_project/vivado_hw_design/vector_add_hw_design_1/vector_add_hw_design_1.runs/design_1v_rst_ps7_0_100M_0_synth_1" FlowId="Vivado_Synthesis" FromStepId="vivado" ToStepId="vivado"/>
	<Run Id="design_1v_xbar_0_synth_1" LaunchDir="C:/Users/zeqiangz01/Desktop/vector_addition_project/vivado_hw_design/vector_add_hw_design_1/vector_add_hw_design_1.runs/design_1v_xbar_0_synth_1" FlowId="Vivado_Synthesis" FromStepId="vivado" ToStepId="vivado"/>
	<Run Id="design_1v_auto_pc_0_synth_1" LaunchDir="C:/Users/zeqiangz01/Desktop/vector_addition_project/vivado_hw_design/vector_add_hw_design_1/vector_add_hw_design_1.runs/design_1v_auto_pc_0_synth_1" FlowId="Vivado_Synthesis" FromStepId="vivado" ToStepId="vivado"/>
	<Run Id="design_1v_auto_us_0_synth_1" LaunchDir="C:/Users/zeqiangz01/Desktop/vector_addition_project/vivado_hw_design/vector_add_hw_design_1/vector_add_hw_design_1.runs/design_1v_auto_us_0_synth_1" FlowId="Vivado_Synthesis" FromStepId="vivado" ToStepId="vivado"/>
	<Run Id="design_1v_auto_pc_1_synth_1" LaunchDir="C:/Users/zeqiangz01/Desktop/vector_addition_project/vivado_hw_design/vector_add_hw_design_1/vector_add_hw_design_1.runs/design_1v_auto_pc_1_synth_1" FlowId="Vivado_Synthesis" FromStepId="vivado" ToStepId="vivado" IsOrderedIPRun="true">
		<Parent Id="design_1v_auto_pc_0_synth_1"/>
	</Run>
	<Run Id="design_1v_auto_us_1_synth_1" LaunchDir="C:/Users/zeqiangz01/Desktop/vector_addition_project/vivado_hw_design/vector_add_hw_design_1/vector_add_hw_design_1.runs/design_1v_auto_us_1_synth_1" FlowId="Vivado_Synthesis" FromStepId="vivado" ToStepId="vivado" IsOrderedIPRun="true">
		<Parent Id="design_1v_auto_us_0_synth_1"/>
	</Run>
	<Run Id="design_1v_auto_pc_2_synth_1" LaunchDir="C:/Users/zeqiangz01/Desktop/vector_addition_project/vivado_hw_design/vector_add_hw_design_1/vector_add_hw_design_1.runs/design_1v_auto_pc_2_synth_1" FlowId="Vivado_Synthesis" FromStepId="vivado" ToStepId="vivado" IsOrderedIPRun="true">
		<Parent Id="design_1v_auto_pc_0_synth_1"/>
	</Run>
	<Run Id="design_1v_auto_us_2_synth_1" LaunchDir="C:/Users/zeqiangz01/Desktop/vector_addition_project/vivado_hw_design/vector_add_hw_design_1/vector_add_hw_design_1.runs/design_1v_auto_us_2_synth_1" FlowId="Vivado_Synthesis" FromStepId="vivado" ToStepId="vivado" IsOrderedIPRun="true">
		<Parent Id="design_1v_auto_us_0_synth_1"/>
	</Run>
	<Run Id="design_1v_auto_pc_3_synth_1" LaunchDir="C:/Users/zeqiangz01/Desktop/vector_addition_project/vivado_hw_design/vector_add_hw_design_1/vector_add_hw_design_1.runs/design_1v_auto_pc_3_synth_1" FlowId="Vivado_Synthesis" FromStepId="vivado" ToStepId="vivado"/>
	<Parameters>
		<Parameter Name="runs.monitorLSFJobs" Val="true" Type="bool"/>
		<Parameter Name="runs.enableClusterConf" Val="true" Type="bool"/>
	</Parameters>
</Runs>

