<?xml version="1.0" encoding="UTF-8"?>
<GenRun Id="design_1_auto_us_2_synth_1" LaunchPart="xc7z020clg400-1" LaunchTime="1646428298">
  <File Type="PA-TCL" Name="design_1_auto_us_2.tcl"/>
  <File Type="REPORTS-TCL" Name="design_1_auto_us_2_reports.tcl"/>
  <File Type="RDS-RDS" Name="design_1_auto_us_2.vds"/>
  <File Type="RDS-DCP" Name="design_1_auto_us_2.dcp"/>
  <FileSet Name="sources" Type="BlockSrcs" RelSrcDir="$PSRCDIR/design_1_auto_us_2">
    <File Path="$PSRCDIR/sources_1/bd/design_1/ip/design_1_auto_us_2/design_1_auto_us_2.xci">
      <FileInfo>
        <Attr Name="UsedIn" Val="synthesis"/>
        <Attr Name="UsedIn" Val="implementation"/>
        <Attr Name="UsedIn" Val="simulation"/>
      </FileInfo>
    </File>
    <Config>
      <Option Name="TopModule" Val="design_1_auto_us_2"/>
      <Option Name="UseBlackboxStub" Val="1"/>
    </Config>
  </FileSet>
  <FileSet Name="constrs_in" Type="BlockSrcs" RelSrcDir="$PSRCDIR/design_1_auto_us_2">
    <File Path="$PSRCDIR/sources_1/bd/design_1/ip/design_1_auto_us_2/design_1_auto_us_2.xci">
      <FileInfo>
        <Attr Name="UsedIn" Val="synthesis"/>
        <Attr Name="UsedIn" Val="implementation"/>
        <Attr Name="UsedIn" Val="simulation"/>
      </FileInfo>
    </File>
    <Config>
      <Option Name="TopModule" Val="design_1_auto_us_2"/>
      <Option Name="UseBlackboxStub" Val="1"/>
    </Config>
  </FileSet>
  <FileSet Name="utils" Type="Utils" RelSrcDir="$PSRCDIR/utils_1">
    <Filter Type="Utils"/>
    <Config>
      <Option Name="TopAutoSet" Val="TRUE"/>
    </Config>
  </FileSet>
  <Strategy Version="1" Minor="2">
    <StratHandle Name="Vivado Synthesis Defaults" Flow="Vivado Synthesis 2021"/>
    <Step Id="synth_design"/>
  </Strategy>
</GenRun>
