<VitisHLS:BurstInfo>
    <burst group="BURST_VERBOSE_MISSED" fe_name="UnknownUnderlyingObjectMissed" src_info="vector_add_hls_design1/vector_add.c:31:9" msg_id="214-117" msg_severity="INFO" msg_body="Cannot find or modify the underlying object pointed by getelementptr" ID="bb5.load.3" VarName="arrayC"/>
    <burst group="BURST_VERBOSE_MISSED" fe_name="UnknownUnderlyingObjectMissed" src_info="vector_add_hls_design1/vector_add.c:25:15" msg_id="214-117" msg_severity="INFO" msg_body="Cannot find or modify the underlying object pointed by getelementptr" ID="bb3.load.3" VarName="arrayA"/>
    <burst group="BURST_VERBOSE_MISSED" fe_name="UnknownUnderlyingObjectMissed" src_info="vector_add_hls_design1/vector_add.c:25:25" msg_id="214-117" msg_severity="INFO" msg_body="Cannot find or modify the underlying object pointed by getelementptr" ID="bb3.load.5" VarName="arrayB"/>
    <burst group="BURST_VERBOSE_MISSED" fe_name="UnknownUnderlyingObjectMissed" src_info="vector_add_hls_design1/vector_add.c:25:13" msg_id="214-117" msg_severity="INFO" msg_body="Cannot find or modify the underlying object pointed by getelementptr" ID="bb3.store.8" VarName="arrayC"/>
    <burst group="BURST_VERBOSE_MISSED" fe_name="UnknownUnderlyingObjectMissed" src_info="vector_add_hls_design1/vector_add.c:18:12" msg_id="214-117" msg_severity="INFO" msg_body="Cannot find or modify the underlying object pointed by getelementptr" ID="bb1.store.5" VarName="arrayA"/>
    <burst group="BURST_VERBOSE_MISSED" fe_name="UnknownUnderlyingObjectMissed" src_info="vector_add_hls_design1/vector_add.c:19:13" msg_id="214-117" msg_severity="INFO" msg_body="Cannot find or modify the underlying object pointed by getelementptr" ID="bb1.store.9" VarName="arrayB"/>
    <burst group="BURST_VERBOSE_MISSED" fe_name="UnknownUnderlyingObjectMissed" src_info="vector_add_hls_design1/vector_add.c:20:13" msg_id="214-117" msg_severity="INFO" msg_body="Cannot find or modify the underlying object pointed by getelementptr" ID="bb1.store.11" VarName="arrayC"/>
    <burst group="BURST_VERBOSE_MISSED" fe_name="UnknownUnderlyingObjectMissed" src_info="vector_add_hls_design1/vector_add.c:31:9" msg_id="214-117" msg_severity="INFO" msg_body="Cannot find or modify the underlying object pointed by getelementptr" ID="bb5.load.3" VarName="arrayC"/>
    <burst group="BURST_VERBOSE_MISSED" fe_name="NonSimpleMemoryAccessMissed" src_info="vector_add_hls_design1/vector_add.c:31:7" msg_id="214-227" msg_severity="INFO" msg_body="Volatile or Atomic access cannot be transformed" resolution="214-227" ID="bb5.store.5" BundleName="DATA3" VarName="c"/>
    <burst group="BURST_VERBOSE_MISSED" fe_name="UnknownUnderlyingObjectMissed" src_info="vector_add_hls_design1/vector_add.c:25:15" msg_id="214-117" msg_severity="INFO" msg_body="Cannot find or modify the underlying object pointed by getelementptr" ID="bb3.load.3" VarName="arrayA"/>
    <burst group="BURST_VERBOSE_MISSED" fe_name="UnknownUnderlyingObjectMissed" src_info="vector_add_hls_design1/vector_add.c:25:25" msg_id="214-117" msg_severity="INFO" msg_body="Cannot find or modify the underlying object pointed by getelementptr" ID="bb3.load.5" VarName="arrayB"/>
    <burst group="BURST_VERBOSE_MISSED" fe_name="UnknownUnderlyingObjectMissed" src_info="vector_add_hls_design1/vector_add.c:25:13" msg_id="214-117" msg_severity="INFO" msg_body="Cannot find or modify the underlying object pointed by getelementptr" ID="bb3.store.8" VarName="arrayC"/>
    <burst group="BURST_VERBOSE_MISSED" fe_name="NonSimpleMemoryAccessMissed" src_info="vector_add_hls_design1/vector_add.c:18:14" msg_id="214-227" msg_severity="INFO" msg_body="Volatile or Atomic access cannot be transformed" resolution="214-227" ID="bb1.load.3" BundleName="DATA1" VarName="a"/>
    <burst group="BURST_VERBOSE_MISSED" fe_name="UnknownUnderlyingObjectMissed" src_info="vector_add_hls_design1/vector_add.c:18:12" msg_id="214-117" msg_severity="INFO" msg_body="Cannot find or modify the underlying object pointed by getelementptr" ID="bb1.store.5" VarName="arrayA"/>
    <burst group="BURST_VERBOSE_MISSED" fe_name="NonSimpleMemoryAccessMissed" src_info="vector_add_hls_design1/vector_add.c:19:15" msg_id="214-227" msg_severity="INFO" msg_body="Volatile or Atomic access cannot be transformed" resolution="214-227" ID="bb1.load.7" BundleName="DATA2" VarName="b"/>
    <burst group="BURST_VERBOSE_MISSED" fe_name="UnknownUnderlyingObjectMissed" src_info="vector_add_hls_design1/vector_add.c:19:13" msg_id="214-117" msg_severity="INFO" msg_body="Cannot find or modify the underlying object pointed by getelementptr" ID="bb1.store.9" VarName="arrayB"/>
    <burst group="BURST_VERBOSE_MISSED" fe_name="UnknownUnderlyingObjectMissed" src_info="vector_add_hls_design1/vector_add.c:20:13" msg_id="214-117" msg_severity="INFO" msg_body="Cannot find or modify the underlying object pointed by getelementptr" ID="bb1.store.11" VarName="arrayC"/>
</VitisHLS:BurstInfo>

