<profile>

<section name = "Vitis HLS Report for 'vector_add'" level="0">
<item name = "Date">Mon Mar 14 09:57:37 2022
</item>
<item name = "Version">2021.1 (Build 3247384 on Thu Jun 10 19:36:33 MDT 2021)</item>
<item name = "Project">vector_add_hls_design1</item>
<item name = "Solution">solution1 (Vivado IP Flow Target)</item>
<item name = "Product family">zynq</item>
<item name = "Target device">xc7z020-clg400-1</item>
</section>

<section name = "Performance Estimates" level="0">
<item name = "Timing">
<section name = "" level="1">
<item name = "Summary"><table name="" hasTotal="0">
<keys size="4">Clock, Target, Estimated, Uncertainty</keys>
<column name="ap_clk">10.00 ns, 7.300 ns, 2.70 ns</column>
</table>
</item>
</section>
</item>
<item name = "Latency">
<section name = "" level="1">
<item name = "Summary"><table name="" hasTotal="0">
<keys size="8">, min, max, min, max, min, max, Type</keys>
<column name="">3097, 3097, 30.970 us, 30.970 us, 3098, 3098, no</column>
</table>
</item>
<item name = "Detail">
<section name = "" level="1">
<item name = "Instance"><table name="" hasTotal="0">
<keys size="9">Instance, Module, min, max, min, max, min, max, Type</keys>
<column name="grp_vector_add_Pipeline_VITIS_LOOP_15_1_fu_100">vector_add_Pipeline_VITIS_LOOP_15_1, 1033, 1033, 10.330 us, 10.330 us, 1033, 1033, no</column>
<column name="grp_vector_add_Pipeline_VITIS_LOOP_23_2_fu_115">vector_add_Pipeline_VITIS_LOOP_23_2, 1027, 1027, 10.270 us, 10.270 us, 1027, 1027, no</column>
<column name="grp_vector_add_Pipeline_VITIS_LOOP_28_3_fu_122">vector_add_Pipeline_VITIS_LOOP_28_3, 1031, 1031, 10.310 us, 10.310 us, 1031, 1031, no</column>
</table>
</item>
<item name = "Loop"><table name="" hasTotal="0">
<keys size="8">Loop Name, min, max, Latency, achieved, target, Count, Pipelined</keys>
</table>
</item>
</section>
</item>
</section>
</item>
</section>

<section name = "Utilization Estimates" level="0">
<item name = "Summary"><table name="" hasTotal="1">
<keys size="6">Name, BRAM_18K, DSP, FF, LUT, URAM</keys>
<column name="DSP">-, -, -, -, -</column>
<column name="Expression">-, -, -, -, -</column>
<column name="FIFO">-, -, -, -, -</column>
<column name="Instance">12, -, 2076, 2645, -</column>
<column name="Memory">6, -, 0, 0, 0</column>
<column name="Multiplexer">-, -, -, 247, -</column>
<column name="Register">-, -, 388, -, -</column>
<specialColumn name="Available">280, 220, 106400, 53200, 0</specialColumn>
<specialColumn name="Utilization (%)">6, 0, 2, 5, 0</specialColumn>
</table>
</item>
<item name = "Detail">
<section name = "" level="1">
<item name = "Instance"><table name="" hasTotal="1">
<keys size="7">Instance, Module, BRAM_18K, DSP, FF, LUT, URAM</keys>
<column name="DATA1_m_axi_U">DATA1_m_axi, 4, 0, 512, 580, 0</column>
<column name="DATA2_m_axi_U">DATA2_m_axi, 4, 0, 512, 580, 0</column>
<column name="DATA3_m_axi_U">DATA3_m_axi, 4, 0, 512, 580, 0</column>
<column name="control_s_axi_U">control_s_axi, 0, 0, 240, 424, 0</column>
<column name="ctrl_s_axi_U">ctrl_s_axi, 0, 0, 68, 104, 0</column>
<column name="grp_vector_add_Pipeline_VITIS_LOOP_15_1_fu_100">vector_add_Pipeline_VITIS_LOOP_15_1, 0, 0, 109, 150, 0</column>
<column name="grp_vector_add_Pipeline_VITIS_LOOP_23_2_fu_115">vector_add_Pipeline_VITIS_LOOP_23_2, 0, 0, 70, 101, 0</column>
<column name="grp_vector_add_Pipeline_VITIS_LOOP_28_3_fu_122">vector_add_Pipeline_VITIS_LOOP_28_3, 0, 0, 53, 126, 0</column>
</table>
</item>
<item name = "DSP"><table name="" hasTotal="0">
<keys size="3">Instance, Module, Expression</keys>
</table>
</item>
<item name = "Memory"><table name="" hasTotal="1">
<keys size="10">Memory, Module, BRAM_18K, FF, LUT, URAM, Words, Bits, Banks, W*Bits*Banks</keys>
<column name="arrayA_U">arrayA, 2, 0, 0, 0, 1024, 32, 1, 32768</column>
<column name="arrayB_U">arrayA, 2, 0, 0, 0, 1024, 32, 1, 32768</column>
<column name="arrayC_U">arrayA, 2, 0, 0, 0, 1024, 32, 1, 32768</column>
</table>
</item>
<item name = "FIFO"><table name="" hasTotal="1">
<keys size="8">Name, BRAM_18K, FF, LUT, URAM, Depth, Bits, Size:D*B</keys>
</table>
</item>
<item name = "Expression"><table name="" hasTotal="1">
<keys size="7">Variable Name, Operation, DSP, FF, LUT, Bitwidth P0, Bitwidth P1</keys>
</table>
</item>
<item name = "Multiplexer"><table name="" hasTotal="1">
<keys size="5">Name, LUT, Input Size, Bits, Total Bits</keys>
<column name="DATA1_ARVALID">9, 2, 1, 2</column>
<column name="DATA1_RREADY">9, 2, 1, 2</column>
<column name="DATA2_ARVALID">9, 2, 1, 2</column>
<column name="DATA2_RREADY">9, 2, 1, 2</column>
<column name="DATA3_AWVALID">9, 2, 1, 2</column>
<column name="DATA3_BREADY">9, 2, 1, 2</column>
<column name="DATA3_WVALID">9, 2, 1, 2</column>
<column name="ap_NS_fsm">42, 8, 1, 8</column>
<column name="arrayA_address0">14, 3, 10, 30</column>
<column name="arrayA_ce0">14, 3, 1, 3</column>
<column name="arrayA_we0">9, 2, 1, 2</column>
<column name="arrayB_address0">14, 3, 10, 30</column>
<column name="arrayB_ce0">14, 3, 1, 3</column>
<column name="arrayB_we0">9, 2, 1, 2</column>
<column name="arrayC_address0">20, 4, 10, 40</column>
<column name="arrayC_ce0">20, 4, 1, 4</column>
<column name="arrayC_d0">14, 3, 32, 96</column>
<column name="arrayC_we0">14, 3, 1, 3</column>
</table>
</item>
<item name = "Register"><table name="" hasTotal="1">
<keys size="5">Name, FF, LUT, Bits, Const Bits</keys>
<column name="a_read_reg_171">64, 0, 64, 0</column>
<column name="ap_CS_fsm">7, 0, 7, 0</column>
<column name="b_read_reg_166">64, 0, 64, 0</column>
<column name="c_read_reg_161">64, 0, 64, 0</column>
<column name="grp_vector_add_Pipeline_VITIS_LOOP_15_1_fu_100_ap_start_reg">1, 0, 1, 0</column>
<column name="grp_vector_add_Pipeline_VITIS_LOOP_23_2_fu_115_ap_start_reg">1, 0, 1, 0</column>
<column name="grp_vector_add_Pipeline_VITIS_LOOP_28_3_fu_122_ap_start_reg">1, 0, 1, 0</column>
<column name="trunc_ln18_1_reg_176">62, 0, 62, 0</column>
<column name="trunc_ln19_1_reg_181">62, 0, 62, 0</column>
<column name="trunc_ln31_1_reg_186">62, 0, 62, 0</column>
</table>
</item>
</section>
</item>
</section>

<section name = "Interface" level="0">
<item name = "Summary"><table name="" hasTotal="0">
<keys size="6">RTL Ports, Dir, Bits, Protocol, Source Object, C Type</keys>
<column name="s_axi_control_AWVALID">in, 1, s_axi, control, scalar</column>
<column name="s_axi_control_AWREADY">out, 1, s_axi, control, scalar</column>
<column name="s_axi_control_AWADDR">in, 6, s_axi, control, scalar</column>
<column name="s_axi_control_WVALID">in, 1, s_axi, control, scalar</column>
<column name="s_axi_control_WREADY">out, 1, s_axi, control, scalar</column>
<column name="s_axi_control_WDATA">in, 32, s_axi, control, scalar</column>
<column name="s_axi_control_WSTRB">in, 4, s_axi, control, scalar</column>
<column name="s_axi_control_ARVALID">in, 1, s_axi, control, scalar</column>
<column name="s_axi_control_ARREADY">out, 1, s_axi, control, scalar</column>
<column name="s_axi_control_ARADDR">in, 6, s_axi, control, scalar</column>
<column name="s_axi_control_RVALID">out, 1, s_axi, control, scalar</column>
<column name="s_axi_control_RREADY">in, 1, s_axi, control, scalar</column>
<column name="s_axi_control_RDATA">out, 32, s_axi, control, scalar</column>
<column name="s_axi_control_RRESP">out, 2, s_axi, control, scalar</column>
<column name="s_axi_control_BVALID">out, 1, s_axi, control, scalar</column>
<column name="s_axi_control_BREADY">in, 1, s_axi, control, scalar</column>
<column name="s_axi_control_BRESP">out, 2, s_axi, control, scalar</column>
<column name="s_axi_ctrl_AWVALID">in, 1, s_axi, ctrl, return value</column>
<column name="s_axi_ctrl_AWREADY">out, 1, s_axi, ctrl, return value</column>
<column name="s_axi_ctrl_AWADDR">in, 5, s_axi, ctrl, return value</column>
<column name="s_axi_ctrl_WVALID">in, 1, s_axi, ctrl, return value</column>
<column name="s_axi_ctrl_WREADY">out, 1, s_axi, ctrl, return value</column>
<column name="s_axi_ctrl_WDATA">in, 32, s_axi, ctrl, return value</column>
<column name="s_axi_ctrl_WSTRB">in, 4, s_axi, ctrl, return value</column>
<column name="s_axi_ctrl_ARVALID">in, 1, s_axi, ctrl, return value</column>
<column name="s_axi_ctrl_ARREADY">out, 1, s_axi, ctrl, return value</column>
<column name="s_axi_ctrl_ARADDR">in, 5, s_axi, ctrl, return value</column>
<column name="s_axi_ctrl_RVALID">out, 1, s_axi, ctrl, return value</column>
<column name="s_axi_ctrl_RREADY">in, 1, s_axi, ctrl, return value</column>
<column name="s_axi_ctrl_RDATA">out, 32, s_axi, ctrl, return value</column>
<column name="s_axi_ctrl_RRESP">out, 2, s_axi, ctrl, return value</column>
<column name="s_axi_ctrl_BVALID">out, 1, s_axi, ctrl, return value</column>
<column name="s_axi_ctrl_BREADY">in, 1, s_axi, ctrl, return value</column>
<column name="s_axi_ctrl_BRESP">out, 2, s_axi, ctrl, return value</column>
<column name="ap_clk">in, 1, ap_ctrl_hs, vector_add, return value</column>
<column name="ap_rst_n">in, 1, ap_ctrl_hs, vector_add, return value</column>
<column name="interrupt">out, 1, ap_ctrl_hs, vector_add, return value</column>
<column name="m_axi_DATA1_AWVALID">out, 1, m_axi, DATA1, pointer</column>
<column name="m_axi_DATA1_AWREADY">in, 1, m_axi, DATA1, pointer</column>
<column name="m_axi_DATA1_AWADDR">out, 64, m_axi, DATA1, pointer</column>
<column name="m_axi_DATA1_AWID">out, 1, m_axi, DATA1, pointer</column>
<column name="m_axi_DATA1_AWLEN">out, 8, m_axi, DATA1, pointer</column>
<column name="m_axi_DATA1_AWSIZE">out, 3, m_axi, DATA1, pointer</column>
<column name="m_axi_DATA1_AWBURST">out, 2, m_axi, DATA1, pointer</column>
<column name="m_axi_DATA1_AWLOCK">out, 2, m_axi, DATA1, pointer</column>
<column name="m_axi_DATA1_AWCACHE">out, 4, m_axi, DATA1, pointer</column>
<column name="m_axi_DATA1_AWPROT">out, 3, m_axi, DATA1, pointer</column>
<column name="m_axi_DATA1_AWQOS">out, 4, m_axi, DATA1, pointer</column>
<column name="m_axi_DATA1_AWREGION">out, 4, m_axi, DATA1, pointer</column>
<column name="m_axi_DATA1_AWUSER">out, 1, m_axi, DATA1, pointer</column>
<column name="m_axi_DATA1_WVALID">out, 1, m_axi, DATA1, pointer</column>
<column name="m_axi_DATA1_WREADY">in, 1, m_axi, DATA1, pointer</column>
<column name="m_axi_DATA1_WDATA">out, 32, m_axi, DATA1, pointer</column>
<column name="m_axi_DATA1_WSTRB">out, 4, m_axi, DATA1, pointer</column>
<column name="m_axi_DATA1_WLAST">out, 1, m_axi, DATA1, pointer</column>
<column name="m_axi_DATA1_WID">out, 1, m_axi, DATA1, pointer</column>
<column name="m_axi_DATA1_WUSER">out, 1, m_axi, DATA1, pointer</column>
<column name="m_axi_DATA1_ARVALID">out, 1, m_axi, DATA1, pointer</column>
<column name="m_axi_DATA1_ARREADY">in, 1, m_axi, DATA1, pointer</column>
<column name="m_axi_DATA1_ARADDR">out, 64, m_axi, DATA1, pointer</column>
<column name="m_axi_DATA1_ARID">out, 1, m_axi, DATA1, pointer</column>
<column name="m_axi_DATA1_ARLEN">out, 8, m_axi, DATA1, pointer</column>
<column name="m_axi_DATA1_ARSIZE">out, 3, m_axi, DATA1, pointer</column>
<column name="m_axi_DATA1_ARBURST">out, 2, m_axi, DATA1, pointer</column>
<column name="m_axi_DATA1_ARLOCK">out, 2, m_axi, DATA1, pointer</column>
<column name="m_axi_DATA1_ARCACHE">out, 4, m_axi, DATA1, pointer</column>
<column name="m_axi_DATA1_ARPROT">out, 3, m_axi, DATA1, pointer</column>
<column name="m_axi_DATA1_ARQOS">out, 4, m_axi, DATA1, pointer</column>
<column name="m_axi_DATA1_ARREGION">out, 4, m_axi, DATA1, pointer</column>
<column name="m_axi_DATA1_ARUSER">out, 1, m_axi, DATA1, pointer</column>
<column name="m_axi_DATA1_RVALID">in, 1, m_axi, DATA1, pointer</column>
<column name="m_axi_DATA1_RREADY">out, 1, m_axi, DATA1, pointer</column>
<column name="m_axi_DATA1_RDATA">in, 32, m_axi, DATA1, pointer</column>
<column name="m_axi_DATA1_RLAST">in, 1, m_axi, DATA1, pointer</column>
<column name="m_axi_DATA1_RID">in, 1, m_axi, DATA1, pointer</column>
<column name="m_axi_DATA1_RUSER">in, 1, m_axi, DATA1, pointer</column>
<column name="m_axi_DATA1_RRESP">in, 2, m_axi, DATA1, pointer</column>
<column name="m_axi_DATA1_BVALID">in, 1, m_axi, DATA1, pointer</column>
<column name="m_axi_DATA1_BREADY">out, 1, m_axi, DATA1, pointer</column>
<column name="m_axi_DATA1_BRESP">in, 2, m_axi, DATA1, pointer</column>
<column name="m_axi_DATA1_BID">in, 1, m_axi, DATA1, pointer</column>
<column name="m_axi_DATA1_BUSER">in, 1, m_axi, DATA1, pointer</column>
<column name="m_axi_DATA2_AWVALID">out, 1, m_axi, DATA2, pointer</column>
<column name="m_axi_DATA2_AWREADY">in, 1, m_axi, DATA2, pointer</column>
<column name="m_axi_DATA2_AWADDR">out, 64, m_axi, DATA2, pointer</column>
<column name="m_axi_DATA2_AWID">out, 1, m_axi, DATA2, pointer</column>
<column name="m_axi_DATA2_AWLEN">out, 8, m_axi, DATA2, pointer</column>
<column name="m_axi_DATA2_AWSIZE">out, 3, m_axi, DATA2, pointer</column>
<column name="m_axi_DATA2_AWBURST">out, 2, m_axi, DATA2, pointer</column>
<column name="m_axi_DATA2_AWLOCK">out, 2, m_axi, DATA2, pointer</column>
<column name="m_axi_DATA2_AWCACHE">out, 4, m_axi, DATA2, pointer</column>
<column name="m_axi_DATA2_AWPROT">out, 3, m_axi, DATA2, pointer</column>
<column name="m_axi_DATA2_AWQOS">out, 4, m_axi, DATA2, pointer</column>
<column name="m_axi_DATA2_AWREGION">out, 4, m_axi, DATA2, pointer</column>
<column name="m_axi_DATA2_AWUSER">out, 1, m_axi, DATA2, pointer</column>
<column name="m_axi_DATA2_WVALID">out, 1, m_axi, DATA2, pointer</column>
<column name="m_axi_DATA2_WREADY">in, 1, m_axi, DATA2, pointer</column>
<column name="m_axi_DATA2_WDATA">out, 32, m_axi, DATA2, pointer</column>
<column name="m_axi_DATA2_WSTRB">out, 4, m_axi, DATA2, pointer</column>
<column name="m_axi_DATA2_WLAST">out, 1, m_axi, DATA2, pointer</column>
<column name="m_axi_DATA2_WID">out, 1, m_axi, DATA2, pointer</column>
<column name="m_axi_DATA2_WUSER">out, 1, m_axi, DATA2, pointer</column>
<column name="m_axi_DATA2_ARVALID">out, 1, m_axi, DATA2, pointer</column>
<column name="m_axi_DATA2_ARREADY">in, 1, m_axi, DATA2, pointer</column>
<column name="m_axi_DATA2_ARADDR">out, 64, m_axi, DATA2, pointer</column>
<column name="m_axi_DATA2_ARID">out, 1, m_axi, DATA2, pointer</column>
<column name="m_axi_DATA2_ARLEN">out, 8, m_axi, DATA2, pointer</column>
<column name="m_axi_DATA2_ARSIZE">out, 3, m_axi, DATA2, pointer</column>
<column name="m_axi_DATA2_ARBURST">out, 2, m_axi, DATA2, pointer</column>
<column name="m_axi_DATA2_ARLOCK">out, 2, m_axi, DATA2, pointer</column>
<column name="m_axi_DATA2_ARCACHE">out, 4, m_axi, DATA2, pointer</column>
<column name="m_axi_DATA2_ARPROT">out, 3, m_axi, DATA2, pointer</column>
<column name="m_axi_DATA2_ARQOS">out, 4, m_axi, DATA2, pointer</column>
<column name="m_axi_DATA2_ARREGION">out, 4, m_axi, DATA2, pointer</column>
<column name="m_axi_DATA2_ARUSER">out, 1, m_axi, DATA2, pointer</column>
<column name="m_axi_DATA2_RVALID">in, 1, m_axi, DATA2, pointer</column>
<column name="m_axi_DATA2_RREADY">out, 1, m_axi, DATA2, pointer</column>
<column name="m_axi_DATA2_RDATA">in, 32, m_axi, DATA2, pointer</column>
<column name="m_axi_DATA2_RLAST">in, 1, m_axi, DATA2, pointer</column>
<column name="m_axi_DATA2_RID">in, 1, m_axi, DATA2, pointer</column>
<column name="m_axi_DATA2_RUSER">in, 1, m_axi, DATA2, pointer</column>
<column name="m_axi_DATA2_RRESP">in, 2, m_axi, DATA2, pointer</column>
<column name="m_axi_DATA2_BVALID">in, 1, m_axi, DATA2, pointer</column>
<column name="m_axi_DATA2_BREADY">out, 1, m_axi, DATA2, pointer</column>
<column name="m_axi_DATA2_BRESP">in, 2, m_axi, DATA2, pointer</column>
<column name="m_axi_DATA2_BID">in, 1, m_axi, DATA2, pointer</column>
<column name="m_axi_DATA2_BUSER">in, 1, m_axi, DATA2, pointer</column>
<column name="m_axi_DATA3_AWVALID">out, 1, m_axi, DATA3, pointer</column>
<column name="m_axi_DATA3_AWREADY">in, 1, m_axi, DATA3, pointer</column>
<column name="m_axi_DATA3_AWADDR">out, 64, m_axi, DATA3, pointer</column>
<column name="m_axi_DATA3_AWID">out, 1, m_axi, DATA3, pointer</column>
<column name="m_axi_DATA3_AWLEN">out, 8, m_axi, DATA3, pointer</column>
<column name="m_axi_DATA3_AWSIZE">out, 3, m_axi, DATA3, pointer</column>
<column name="m_axi_DATA3_AWBURST">out, 2, m_axi, DATA3, pointer</column>
<column name="m_axi_DATA3_AWLOCK">out, 2, m_axi, DATA3, pointer</column>
<column name="m_axi_DATA3_AWCACHE">out, 4, m_axi, DATA3, pointer</column>
<column name="m_axi_DATA3_AWPROT">out, 3, m_axi, DATA3, pointer</column>
<column name="m_axi_DATA3_AWQOS">out, 4, m_axi, DATA3, pointer</column>
<column name="m_axi_DATA3_AWREGION">out, 4, m_axi, DATA3, pointer</column>
<column name="m_axi_DATA3_AWUSER">out, 1, m_axi, DATA3, pointer</column>
<column name="m_axi_DATA3_WVALID">out, 1, m_axi, DATA3, pointer</column>
<column name="m_axi_DATA3_WREADY">in, 1, m_axi, DATA3, pointer</column>
<column name="m_axi_DATA3_WDATA">out, 32, m_axi, DATA3, pointer</column>
<column name="m_axi_DATA3_WSTRB">out, 4, m_axi, DATA3, pointer</column>
<column name="m_axi_DATA3_WLAST">out, 1, m_axi, DATA3, pointer</column>
<column name="m_axi_DATA3_WID">out, 1, m_axi, DATA3, pointer</column>
<column name="m_axi_DATA3_WUSER">out, 1, m_axi, DATA3, pointer</column>
<column name="m_axi_DATA3_ARVALID">out, 1, m_axi, DATA3, pointer</column>
<column name="m_axi_DATA3_ARREADY">in, 1, m_axi, DATA3, pointer</column>
<column name="m_axi_DATA3_ARADDR">out, 64, m_axi, DATA3, pointer</column>
<column name="m_axi_DATA3_ARID">out, 1, m_axi, DATA3, pointer</column>
<column name="m_axi_DATA3_ARLEN">out, 8, m_axi, DATA3, pointer</column>
<column name="m_axi_DATA3_ARSIZE">out, 3, m_axi, DATA3, pointer</column>
<column name="m_axi_DATA3_ARBURST">out, 2, m_axi, DATA3, pointer</column>
<column name="m_axi_DATA3_ARLOCK">out, 2, m_axi, DATA3, pointer</column>
<column name="m_axi_DATA3_ARCACHE">out, 4, m_axi, DATA3, pointer</column>
<column name="m_axi_DATA3_ARPROT">out, 3, m_axi, DATA3, pointer</column>
<column name="m_axi_DATA3_ARQOS">out, 4, m_axi, DATA3, pointer</column>
<column name="m_axi_DATA3_ARREGION">out, 4, m_axi, DATA3, pointer</column>
<column name="m_axi_DATA3_ARUSER">out, 1, m_axi, DATA3, pointer</column>
<column name="m_axi_DATA3_RVALID">in, 1, m_axi, DATA3, pointer</column>
<column name="m_axi_DATA3_RREADY">out, 1, m_axi, DATA3, pointer</column>
<column name="m_axi_DATA3_RDATA">in, 32, m_axi, DATA3, pointer</column>
<column name="m_axi_DATA3_RLAST">in, 1, m_axi, DATA3, pointer</column>
<column name="m_axi_DATA3_RID">in, 1, m_axi, DATA3, pointer</column>
<column name="m_axi_DATA3_RUSER">in, 1, m_axi, DATA3, pointer</column>
<column name="m_axi_DATA3_RRESP">in, 2, m_axi, DATA3, pointer</column>
<column name="m_axi_DATA3_BVALID">in, 1, m_axi, DATA3, pointer</column>
<column name="m_axi_DATA3_BREADY">out, 1, m_axi, DATA3, pointer</column>
<column name="m_axi_DATA3_BRESP">in, 2, m_axi, DATA3, pointer</column>
<column name="m_axi_DATA3_BID">in, 1, m_axi, DATA3, pointer</column>
<column name="m_axi_DATA3_BUSER">in, 1, m_axi, DATA3, pointer</column>
</table>
</item>
</section>
</profile>
