<stg><name>vector_add_Pipeline_VITIS_LOOP_23_2</name>


<trans_list>

<trans id="39" from="1" to="2">
<condition id="-1">
<or_exp><and_exp></and_exp></or_exp>
</condition>
</trans>

<trans id="36" from="2" to="3">
<condition id="-1">
<or_exp><and_exp></and_exp></or_exp>
</condition>
</trans>
</trans_list>



<state_list>

<state id="1" st_id="2">

<operation id="6" st_id="1" stage="1" lat="1">
<core>NULL</core>
<MemPortIdVec></MemPortIdVec>
<condition id="-1">
<or_exp><and_exp></and_exp></or_exp>
</condition>

<Node id="4" bw="11" op_0_bw="32">
<![CDATA[
newFuncRoot:0 %i_1 = alloca i32 1

]]></Node>
<StgValue><ssdm name="i_1"/></StgValue>
</operation>

<operation id="7" st_id="1" stage="1" lat="1">
<core>NULL</core>
<MemPortIdVec></MemPortIdVec>
<condition id="-1">
<or_exp><and_exp></and_exp></or_exp>
</condition>

<Node id="5" bw="0" op_0_bw="11" op_1_bw="11">
<![CDATA[
newFuncRoot:1 %store_ln0 = store i11 0, i11 %i_1

]]></Node>
<StgValue><ssdm name="store_ln0"/></StgValue>
</operation>

<operation id="8" st_id="1" stage="1" lat="1">
<core>NULL</core>
<MemPortIdVec></MemPortIdVec>
<condition id="-1">
<or_exp><and_exp></and_exp></or_exp>
</condition>

<Node id="6" bw="0" op_0_bw="0">
<![CDATA[
newFuncRoot:2 %br_ln0 = br void %.preheader1

]]></Node>
<StgValue><ssdm name="br_ln0"/></StgValue>
</operation>

<operation id="9" st_id="1" stage="1" lat="1">
<core>NULL</core>
<MemPortIdVec></MemPortIdVec>
<condition id="-1">
<or_exp><and_exp></and_exp></or_exp>
</condition>

<Node id="8" bw="11" op_0_bw="11" op_1_bw="0">
<![CDATA[
.preheader1:0 %i = load i11 %i_1

]]></Node>
<StgValue><ssdm name="i"/></StgValue>
</operation>

<operation id="10" st_id="1" stage="1" lat="1">
<core>NULL</core>
<MemPortIdVec></MemPortIdVec>
<condition id="-1">
<or_exp><and_exp></and_exp></or_exp>
</condition>

<Node id="9" bw="0" op_0_bw="0" op_1_bw="32" op_2_bw="32" op_3_bw="32" op_4_bw="32" op_5_bw="0">
<![CDATA[
.preheader1:1 %specpipeline_ln0 = specpipeline void @_ssdm_op_SpecPipeline, i32 4294967295, i32 0, i32 1, i32 0, void @p_str

]]></Node>
<StgValue><ssdm name="specpipeline_ln0"/></StgValue>
</operation>

<operation id="11" st_id="1" stage="1" lat="1">
<core>Cmp</core>
<MemPortIdVec></MemPortIdVec>
<condition id="-1">
<or_exp><and_exp></and_exp></or_exp>
</condition>

<Node id="10" bw="1" op_0_bw="11" op_1_bw="11">
<![CDATA[
.preheader1:2 %icmp_ln23 = icmp_eq  i11 %i, i11 1024

]]></Node>
<StgValue><ssdm name="icmp_ln23"/></StgValue>
</operation>

<operation id="12" st_id="1" stage="1" lat="1">
<core>NULL</core>
<MemPortIdVec></MemPortIdVec>
<condition id="-1">
<or_exp><and_exp></and_exp></or_exp>
</condition>

<Node id="11" bw="32" op_0_bw="32" op_1_bw="64" op_2_bw="64" op_3_bw="64">
<![CDATA[
.preheader1:3 %empty = speclooptripcount i32 @_ssdm_op_SpecLoopTripCount, i64 1024, i64 1024, i64 1024

]]></Node>
<StgValue><ssdm name="empty"/></StgValue>
</operation>

<operation id="13" st_id="1" stage="1" lat="1">
<core>Adder</core>
<MemPortIdVec></MemPortIdVec>
<condition id="-1">
<or_exp><and_exp></and_exp></or_exp>
</condition>

<Node id="12" bw="11" op_0_bw="11" op_1_bw="11">
<![CDATA[
.preheader1:4 %add_ln23 = add i11 %i, i11 1

]]></Node>
<StgValue><ssdm name="add_ln23"/></StgValue>
</operation>

<operation id="14" st_id="1" stage="1" lat="1">
<core>NULL</core>
<MemPortIdVec></MemPortIdVec>
<condition id="-1">
<or_exp><and_exp></and_exp></or_exp>
</condition>

<Node id="13" bw="0" op_0_bw="1" op_1_bw="0" op_2_bw="0">
<![CDATA[
.preheader1:5 %br_ln23 = br i1 %icmp_ln23, void %.split2, void %.preheader.preheader.exitStub

]]></Node>
<StgValue><ssdm name="br_ln23"/></StgValue>
</operation>

<operation id="15" st_id="1" stage="1" lat="1">
<core>NULL</core>
<MemPortIdVec></MemPortIdVec>
<condition id="-1">
<or_exp><and_exp><literal name="icmp_ln23" val="0"/>
</and_exp></or_exp>
</condition>

<Node id="15" bw="64" op_0_bw="11">
<![CDATA[
.split2:0 %i_1_cast = zext i11 %i

]]></Node>
<StgValue><ssdm name="i_1_cast"/></StgValue>
</operation>

<operation id="16" st_id="1" stage="1" lat="1">
<core>NULL</core>
<MemPortIdVec></MemPortIdVec>
<condition id="-1">
<or_exp><and_exp><literal name="icmp_ln23" val="0"/>
</and_exp></or_exp>
</condition>

<Node id="17" bw="10" op_0_bw="32" op_1_bw="64" op_2_bw="64">
<![CDATA[
.split2:2 %arrayA_addr = getelementptr i32 %arrayA, i64 0, i64 %i_1_cast

]]></Node>
<StgValue><ssdm name="arrayA_addr"/></StgValue>
</operation>

<operation id="17" st_id="1" stage="2" lat="2">
<core>RAM</core>
<MemPortIdVec></MemPortIdVec>
<condition id="-1">
<or_exp><and_exp><literal name="icmp_ln23" val="0"/>
</and_exp></or_exp>
</condition>

<Node id="18" bw="32" op_0_bw="10">
<![CDATA[
.split2:3 %arrayA_load = load i10 %arrayA_addr

]]></Node>
<StgValue><ssdm name="arrayA_load"/></StgValue>
</operation>

<operation id="18" st_id="1" stage="1" lat="1">
<core>NULL</core>
<MemPortIdVec></MemPortIdVec>
<condition id="-1">
<or_exp><and_exp><literal name="icmp_ln23" val="0"/>
</and_exp></or_exp>
</condition>

<Node id="19" bw="10" op_0_bw="32" op_1_bw="64" op_2_bw="64">
<![CDATA[
.split2:4 %arrayB_addr = getelementptr i32 %arrayB, i64 0, i64 %i_1_cast

]]></Node>
<StgValue><ssdm name="arrayB_addr"/></StgValue>
</operation>

<operation id="19" st_id="1" stage="2" lat="2">
<core>RAM</core>
<MemPortIdVec></MemPortIdVec>
<condition id="-1">
<or_exp><and_exp><literal name="icmp_ln23" val="0"/>
</and_exp></or_exp>
</condition>

<Node id="20" bw="32" op_0_bw="10">
<![CDATA[
.split2:5 %arrayB_load = load i10 %arrayB_addr

]]></Node>
<StgValue><ssdm name="arrayB_load"/></StgValue>
</operation>

<operation id="20" st_id="1" stage="1" lat="1">
<core>NULL</core>
<MemPortIdVec></MemPortIdVec>
<condition id="-1">
<or_exp><and_exp><literal name="icmp_ln23" val="0"/>
</and_exp></or_exp>
</condition>

<Node id="24" bw="0" op_0_bw="11" op_1_bw="11" op_2_bw="0" op_3_bw="0">
<![CDATA[
.split2:9 %store_ln23 = store i11 %add_ln23, i11 %i_1

]]></Node>
<StgValue><ssdm name="store_ln23"/></StgValue>
</operation>
</state>

<state id="2" st_id="3">

<operation id="21" st_id="2" stage="1" lat="2">
<core>RAM</core>
<MemPortIdVec></MemPortIdVec>
<condition id="-1">
<or_exp><and_exp></and_exp></or_exp>
</condition>

<Node id="18" bw="32" op_0_bw="10">
<![CDATA[
.split2:3 %arrayA_load = load i10 %arrayA_addr

]]></Node>
<StgValue><ssdm name="arrayA_load"/></StgValue>
</operation>

<operation id="22" st_id="2" stage="1" lat="2">
<core>RAM</core>
<MemPortIdVec></MemPortIdVec>
<condition id="-1">
<or_exp><and_exp></and_exp></or_exp>
</condition>

<Node id="20" bw="32" op_0_bw="10">
<![CDATA[
.split2:5 %arrayB_load = load i10 %arrayB_addr

]]></Node>
<StgValue><ssdm name="arrayB_load"/></StgValue>
</operation>

<operation id="23" st_id="2" stage="1" lat="1">
<core>Adder</core>
<MemPortIdVec></MemPortIdVec>
<condition id="-1">
<or_exp><and_exp></and_exp></or_exp>
</condition>

<Node id="21" bw="32" op_0_bw="32" op_1_bw="32">
<![CDATA[
.split2:6 %add_ln25 = add i32 %arrayB_load, i32 %arrayA_load

]]></Node>
<StgValue><ssdm name="add_ln25"/></StgValue>
</operation>

<operation id="28" st_id="2" stage="1" lat="1">
<core>NULL</core>
<MemPortIdVec></MemPortIdVec>
<condition id="-1">
<or_exp><and_exp><literal name="icmp_ln23" val="1"/>
</and_exp></or_exp>
</condition>

<Node id="27" bw="0">
<![CDATA[
.preheader.preheader.exitStub:0 %ret_ln0 = ret

]]></Node>
<StgValue><ssdm name="ret_ln0"/></StgValue>
</operation>
</state>

<state id="3" st_id="4">

<operation id="24" st_id="3" stage="1" lat="1">
<core>NULL</core>
<MemPortIdVec></MemPortIdVec>
<condition id="-1">
<or_exp><and_exp></and_exp></or_exp>
</condition>

<Node id="16" bw="0" op_0_bw="0" op_1_bw="0">
<![CDATA[
.split2:1 %specloopname_ln10 = specloopname void @_ssdm_op_SpecLoopName, void @empty_15

]]></Node>
<StgValue><ssdm name="specloopname_ln10"/></StgValue>
</operation>

<operation id="25" st_id="3" stage="1" lat="1">
<core>NULL</core>
<MemPortIdVec></MemPortIdVec>
<condition id="-1">
<or_exp><and_exp></and_exp></or_exp>
</condition>

<Node id="22" bw="10" op_0_bw="32" op_1_bw="64" op_2_bw="64">
<![CDATA[
.split2:7 %arrayC_addr = getelementptr i32 %arrayC, i64 0, i64 %i_1_cast

]]></Node>
<StgValue><ssdm name="arrayC_addr"/></StgValue>
</operation>

<operation id="26" st_id="3" stage="1" lat="1">
<core>RAM</core>
<MemPortIdVec></MemPortIdVec>
<condition id="-1">
<or_exp><and_exp></and_exp></or_exp>
</condition>

<Node id="23" bw="0" op_0_bw="32" op_1_bw="10">
<![CDATA[
.split2:8 %store_ln25 = store i32 %add_ln25, i10 %arrayC_addr

]]></Node>
<StgValue><ssdm name="store_ln25"/></StgValue>
</operation>

<operation id="27" st_id="3" stage="1" lat="1">
<core>NULL</core>
<MemPortIdVec></MemPortIdVec>
<condition id="-1">
<or_exp><and_exp></and_exp></or_exp>
</condition>

<Node id="25" bw="0" op_0_bw="0">
<![CDATA[
.split2:10 %br_ln0 = br void %.preheader1

]]></Node>
<StgValue><ssdm name="br_ln0"/></StgValue>
</operation>
</state>
</state_list>


<ports>
</ports>


<dataflows>
</dataflows>


</stg>
