<profile>

<section name = "Vitis HLS Report for 'vector_add_Pipeline_VITIS_LOOP_15_1'" level="0">
<item name = "Date">Mon Mar 14 09:57:37 2022
</item>
<item name = "Version">2021.1 (Build 3247384 on Thu Jun 10 19:36:33 MDT 2021)</item>
<item name = "Project">vector_add_hls_design1</item>
<item name = "Solution">solution1 (Vivado IP Flow Target)</item>
<item name = "Product family">zynq</item>
<item name = "Target device">xc7z020-clg400-1</item>
</section>

<section name = "Performance Estimates" level="0">
<item name = "Timing">
<section name = "" level="1">
<item name = "Summary"><table name="" hasTotal="0">
<keys size="4">Clock, Target, Estimated, Uncertainty</keys>
<column name="ap_clk">10.00 ns, 7.300 ns, 2.70 ns</column>
</table>
</item>
</section>
</item>
<item name = "Latency">
<section name = "" level="1">
<item name = "Summary"><table name="" hasTotal="0">
<keys size="8">, min, max, min, max, min, max, Type</keys>
<column name="">1033, 1033, 10.330 us, 10.330 us, 1033, 1033, no</column>
</table>
</item>
<item name = "Detail">
<section name = "" level="1">
<item name = "Instance"><table name="" hasTotal="0">
<keys size="9">Instance, Module, min, max, min, max, min, max, Type</keys>
</table>
</item>
<item name = "Loop"><table name="" hasTotal="0">
<keys size="8">Loop Name, min, max, Latency, achieved, target, Count, Pipelined</keys>
<column name="- VITIS_LOOP_15_1">1025, 1025, 3, 1, 1, 1024, yes</column>
</table>
</item>
</section>
</item>
</section>
</item>
</section>

<section name = "Utilization Estimates" level="0">
<item name = "Summary"><table name="" hasTotal="1">
<keys size="6">Name, BRAM_18K, DSP, FF, LUT, URAM</keys>
<column name="DSP">-, -, -, -, -</column>
<column name="Expression">-, -, 0, 34, -</column>
<column name="FIFO">-, -, -, -, -</column>
<column name="Instance">-, -, -, -, -</column>
<column name="Memory">-, -, -, -, -</column>
<column name="Multiplexer">-, -, -, 116, -</column>
<column name="Register">-, -, 109, -, -</column>
<specialColumn name="Available">280, 220, 106400, 53200, 0</specialColumn>
<specialColumn name="Utilization (%)">0, 0, ~0, ~0, 0</specialColumn>
</table>
</item>
<item name = "Detail">
<section name = "" level="1">
<item name = "Instance"><table name="" hasTotal="1">
<keys size="7">Instance, Module, BRAM_18K, DSP, FF, LUT, URAM</keys>
</table>
</item>
<item name = "DSP"><table name="" hasTotal="0">
<keys size="3">Instance, Module, Expression</keys>
</table>
</item>
<item name = "Memory"><table name="" hasTotal="1">
<keys size="10">Memory, Module, BRAM_18K, FF, LUT, URAM, Words, Bits, Banks, W*Bits*Banks</keys>
</table>
</item>
<item name = "FIFO"><table name="" hasTotal="1">
<keys size="8">Name, BRAM_18K, FF, LUT, URAM, Depth, Bits, Size:D*B</keys>
</table>
</item>
<item name = "Expression"><table name="" hasTotal="1">
<keys size="7">Variable Name, Operation, DSP, FF, LUT, Bitwidth P0, Bitwidth P1</keys>
<column name="add_ln15_fu_194_p2">+, 0, 0, 12, 11, 1</column>
<column name="ap_block_pp0_stage0_11001">and, 0, 0, 2, 1, 1</column>
<column name="icmp_ln15_fu_188_p2">icmp, 0, 0, 12, 11, 12</column>
<column name="ap_block_state1_io">or, 0, 0, 2, 1, 1</column>
<column name="ap_block_state9_pp0_stage0_iter1">or, 0, 0, 2, 1, 1</column>
<column name="ap_enable_pp0">xor, 0, 0, 2, 1, 2</column>
<column name="ap_enable_reg_pp0_iter1">xor, 0, 0, 2, 2, 1</column>
</table>
</item>
<item name = "Multiplexer"><table name="" hasTotal="1">
<keys size="5">Name, LUT, Input Size, Bits, Total Bits</keys>
<column name="DATA1_blk_n_AR">9, 2, 1, 2</column>
<column name="DATA1_blk_n_R">9, 2, 1, 2</column>
<column name="DATA2_blk_n_AR">9, 2, 1, 2</column>
<column name="DATA2_blk_n_R">9, 2, 1, 2</column>
<column name="ap_NS_fsm">53, 10, 1, 10</column>
<column name="ap_enable_reg_pp0_iter1">9, 2, 1, 2</column>
<column name="ap_enable_reg_pp0_iter2">9, 2, 1, 2</column>
<column name="i_fu_66">9, 2, 11, 22</column>
</table>
</item>
<item name = "Register"><table name="" hasTotal="1">
<keys size="5">Name, FF, LUT, Bits, Const Bits</keys>
<column name="DATA1_addr_read_reg_238">32, 0, 32, 0</column>
<column name="DATA2_addr_read_reg_243">32, 0, 32, 0</column>
<column name="ap_CS_fsm">9, 0, 9, 0</column>
<column name="ap_enable_reg_pp0_iter0">1, 0, 1, 0</column>
<column name="ap_enable_reg_pp0_iter1">1, 0, 1, 0</column>
<column name="ap_enable_reg_pp0_iter2">1, 0, 1, 0</column>
<column name="i_fu_66">11, 0, 11, 0</column>
<column name="zext_ln15_reg_232">11, 0, 64, 53</column>
<column name="zext_ln15_reg_232_pp0_iter1_reg">11, 0, 64, 53</column>
</table>
</item>
</section>
</item>
</section>

<section name = "Interface" level="0">
<item name = "Summary"><table name="" hasTotal="0">
<keys size="6">RTL Ports, Dir, Bits, Protocol, Source Object, C Type</keys>
<column name="ap_clk">in, 1, ap_ctrl_hs, vector_add_Pipeline_VITIS_LOOP_15_1, return value</column>
<column name="ap_rst">in, 1, ap_ctrl_hs, vector_add_Pipeline_VITIS_LOOP_15_1, return value</column>
<column name="ap_start">in, 1, ap_ctrl_hs, vector_add_Pipeline_VITIS_LOOP_15_1, return value</column>
<column name="ap_done">out, 1, ap_ctrl_hs, vector_add_Pipeline_VITIS_LOOP_15_1, return value</column>
<column name="ap_idle">out, 1, ap_ctrl_hs, vector_add_Pipeline_VITIS_LOOP_15_1, return value</column>
<column name="ap_ready">out, 1, ap_ctrl_hs, vector_add_Pipeline_VITIS_LOOP_15_1, return value</column>
<column name="m_axi_DATA2_AWVALID">out, 1, m_axi, DATA2, pointer</column>
<column name="m_axi_DATA2_AWREADY">in, 1, m_axi, DATA2, pointer</column>
<column name="m_axi_DATA2_AWADDR">out, 64, m_axi, DATA2, pointer</column>
<column name="m_axi_DATA2_AWID">out, 1, m_axi, DATA2, pointer</column>
<column name="m_axi_DATA2_AWLEN">out, 32, m_axi, DATA2, pointer</column>
<column name="m_axi_DATA2_AWSIZE">out, 3, m_axi, DATA2, pointer</column>
<column name="m_axi_DATA2_AWBURST">out, 2, m_axi, DATA2, pointer</column>
<column name="m_axi_DATA2_AWLOCK">out, 2, m_axi, DATA2, pointer</column>
<column name="m_axi_DATA2_AWCACHE">out, 4, m_axi, DATA2, pointer</column>
<column name="m_axi_DATA2_AWPROT">out, 3, m_axi, DATA2, pointer</column>
<column name="m_axi_DATA2_AWQOS">out, 4, m_axi, DATA2, pointer</column>
<column name="m_axi_DATA2_AWREGION">out, 4, m_axi, DATA2, pointer</column>
<column name="m_axi_DATA2_AWUSER">out, 1, m_axi, DATA2, pointer</column>
<column name="m_axi_DATA2_WVALID">out, 1, m_axi, DATA2, pointer</column>
<column name="m_axi_DATA2_WREADY">in, 1, m_axi, DATA2, pointer</column>
<column name="m_axi_DATA2_WDATA">out, 32, m_axi, DATA2, pointer</column>
<column name="m_axi_DATA2_WSTRB">out, 4, m_axi, DATA2, pointer</column>
<column name="m_axi_DATA2_WLAST">out, 1, m_axi, DATA2, pointer</column>
<column name="m_axi_DATA2_WID">out, 1, m_axi, DATA2, pointer</column>
<column name="m_axi_DATA2_WUSER">out, 1, m_axi, DATA2, pointer</column>
<column name="m_axi_DATA2_ARVALID">out, 1, m_axi, DATA2, pointer</column>
<column name="m_axi_DATA2_ARREADY">in, 1, m_axi, DATA2, pointer</column>
<column name="m_axi_DATA2_ARADDR">out, 64, m_axi, DATA2, pointer</column>
<column name="m_axi_DATA2_ARID">out, 1, m_axi, DATA2, pointer</column>
<column name="m_axi_DATA2_ARLEN">out, 32, m_axi, DATA2, pointer</column>
<column name="m_axi_DATA2_ARSIZE">out, 3, m_axi, DATA2, pointer</column>
<column name="m_axi_DATA2_ARBURST">out, 2, m_axi, DATA2, pointer</column>
<column name="m_axi_DATA2_ARLOCK">out, 2, m_axi, DATA2, pointer</column>
<column name="m_axi_DATA2_ARCACHE">out, 4, m_axi, DATA2, pointer</column>
<column name="m_axi_DATA2_ARPROT">out, 3, m_axi, DATA2, pointer</column>
<column name="m_axi_DATA2_ARQOS">out, 4, m_axi, DATA2, pointer</column>
<column name="m_axi_DATA2_ARREGION">out, 4, m_axi, DATA2, pointer</column>
<column name="m_axi_DATA2_ARUSER">out, 1, m_axi, DATA2, pointer</column>
<column name="m_axi_DATA2_RVALID">in, 1, m_axi, DATA2, pointer</column>
<column name="m_axi_DATA2_RREADY">out, 1, m_axi, DATA2, pointer</column>
<column name="m_axi_DATA2_RDATA">in, 32, m_axi, DATA2, pointer</column>
<column name="m_axi_DATA2_RLAST">in, 1, m_axi, DATA2, pointer</column>
<column name="m_axi_DATA2_RID">in, 1, m_axi, DATA2, pointer</column>
<column name="m_axi_DATA2_RUSER">in, 1, m_axi, DATA2, pointer</column>
<column name="m_axi_DATA2_RRESP">in, 2, m_axi, DATA2, pointer</column>
<column name="m_axi_DATA2_BVALID">in, 1, m_axi, DATA2, pointer</column>
<column name="m_axi_DATA2_BREADY">out, 1, m_axi, DATA2, pointer</column>
<column name="m_axi_DATA2_BRESP">in, 2, m_axi, DATA2, pointer</column>
<column name="m_axi_DATA2_BID">in, 1, m_axi, DATA2, pointer</column>
<column name="m_axi_DATA2_BUSER">in, 1, m_axi, DATA2, pointer</column>
<column name="sext_ln19_1">in, 62, ap_none, sext_ln19_1, scalar</column>
<column name="m_axi_DATA1_AWVALID">out, 1, m_axi, DATA1, pointer</column>
<column name="m_axi_DATA1_AWREADY">in, 1, m_axi, DATA1, pointer</column>
<column name="m_axi_DATA1_AWADDR">out, 64, m_axi, DATA1, pointer</column>
<column name="m_axi_DATA1_AWID">out, 1, m_axi, DATA1, pointer</column>
<column name="m_axi_DATA1_AWLEN">out, 32, m_axi, DATA1, pointer</column>
<column name="m_axi_DATA1_AWSIZE">out, 3, m_axi, DATA1, pointer</column>
<column name="m_axi_DATA1_AWBURST">out, 2, m_axi, DATA1, pointer</column>
<column name="m_axi_DATA1_AWLOCK">out, 2, m_axi, DATA1, pointer</column>
<column name="m_axi_DATA1_AWCACHE">out, 4, m_axi, DATA1, pointer</column>
<column name="m_axi_DATA1_AWPROT">out, 3, m_axi, DATA1, pointer</column>
<column name="m_axi_DATA1_AWQOS">out, 4, m_axi, DATA1, pointer</column>
<column name="m_axi_DATA1_AWREGION">out, 4, m_axi, DATA1, pointer</column>
<column name="m_axi_DATA1_AWUSER">out, 1, m_axi, DATA1, pointer</column>
<column name="m_axi_DATA1_WVALID">out, 1, m_axi, DATA1, pointer</column>
<column name="m_axi_DATA1_WREADY">in, 1, m_axi, DATA1, pointer</column>
<column name="m_axi_DATA1_WDATA">out, 32, m_axi, DATA1, pointer</column>
<column name="m_axi_DATA1_WSTRB">out, 4, m_axi, DATA1, pointer</column>
<column name="m_axi_DATA1_WLAST">out, 1, m_axi, DATA1, pointer</column>
<column name="m_axi_DATA1_WID">out, 1, m_axi, DATA1, pointer</column>
<column name="m_axi_DATA1_WUSER">out, 1, m_axi, DATA1, pointer</column>
<column name="m_axi_DATA1_ARVALID">out, 1, m_axi, DATA1, pointer</column>
<column name="m_axi_DATA1_ARREADY">in, 1, m_axi, DATA1, pointer</column>
<column name="m_axi_DATA1_ARADDR">out, 64, m_axi, DATA1, pointer</column>
<column name="m_axi_DATA1_ARID">out, 1, m_axi, DATA1, pointer</column>
<column name="m_axi_DATA1_ARLEN">out, 32, m_axi, DATA1, pointer</column>
<column name="m_axi_DATA1_ARSIZE">out, 3, m_axi, DATA1, pointer</column>
<column name="m_axi_DATA1_ARBURST">out, 2, m_axi, DATA1, pointer</column>
<column name="m_axi_DATA1_ARLOCK">out, 2, m_axi, DATA1, pointer</column>
<column name="m_axi_DATA1_ARCACHE">out, 4, m_axi, DATA1, pointer</column>
<column name="m_axi_DATA1_ARPROT">out, 3, m_axi, DATA1, pointer</column>
<column name="m_axi_DATA1_ARQOS">out, 4, m_axi, DATA1, pointer</column>
<column name="m_axi_DATA1_ARREGION">out, 4, m_axi, DATA1, pointer</column>
<column name="m_axi_DATA1_ARUSER">out, 1, m_axi, DATA1, pointer</column>
<column name="m_axi_DATA1_RVALID">in, 1, m_axi, DATA1, pointer</column>
<column name="m_axi_DATA1_RREADY">out, 1, m_axi, DATA1, pointer</column>
<column name="m_axi_DATA1_RDATA">in, 32, m_axi, DATA1, pointer</column>
<column name="m_axi_DATA1_RLAST">in, 1, m_axi, DATA1, pointer</column>
<column name="m_axi_DATA1_RID">in, 1, m_axi, DATA1, pointer</column>
<column name="m_axi_DATA1_RUSER">in, 1, m_axi, DATA1, pointer</column>
<column name="m_axi_DATA1_RRESP">in, 2, m_axi, DATA1, pointer</column>
<column name="m_axi_DATA1_BVALID">in, 1, m_axi, DATA1, pointer</column>
<column name="m_axi_DATA1_BREADY">out, 1, m_axi, DATA1, pointer</column>
<column name="m_axi_DATA1_BRESP">in, 2, m_axi, DATA1, pointer</column>
<column name="m_axi_DATA1_BID">in, 1, m_axi, DATA1, pointer</column>
<column name="m_axi_DATA1_BUSER">in, 1, m_axi, DATA1, pointer</column>
<column name="sext_ln18_1">in, 62, ap_none, sext_ln18_1, scalar</column>
<column name="a">in, 64, ap_none, a, scalar</column>
<column name="arrayA_address0">out, 10, ap_memory, arrayA, array</column>
<column name="arrayA_ce0">out, 1, ap_memory, arrayA, array</column>
<column name="arrayA_we0">out, 1, ap_memory, arrayA, array</column>
<column name="arrayA_d0">out, 32, ap_memory, arrayA, array</column>
<column name="b">in, 64, ap_none, b, scalar</column>
<column name="arrayB_address0">out, 10, ap_memory, arrayB, array</column>
<column name="arrayB_ce0">out, 1, ap_memory, arrayB, array</column>
<column name="arrayB_we0">out, 1, ap_memory, arrayB, array</column>
<column name="arrayB_d0">out, 32, ap_memory, arrayB, array</column>
<column name="arrayC_address0">out, 10, ap_memory, arrayC, array</column>
<column name="arrayC_ce0">out, 1, ap_memory, arrayC, array</column>
<column name="arrayC_we0">out, 1, ap_memory, arrayC, array</column>
<column name="arrayC_d0">out, 32, ap_memory, arrayC, array</column>
</table>
</item>
</section>
</profile>
