<stg><name>vector_add</name>


<trans_list>

<trans id="39" from="1" to="2">
<condition id="-1">
<or_exp><and_exp></and_exp></or_exp>
</condition>
</trans>

<trans id="40" from="2" to="3">
<condition id="-1">
<or_exp><and_exp></and_exp></or_exp>
</condition>
</trans>

<trans id="41" from="3" to="4">
<condition id="-1">
<or_exp><and_exp></and_exp></or_exp>
</condition>
</trans>

<trans id="42" from="4" to="5">
<condition id="-1">
<or_exp><and_exp></and_exp></or_exp>
</condition>
</trans>

<trans id="43" from="5" to="6">
<condition id="-1">
<or_exp><and_exp></and_exp></or_exp>
</condition>
</trans>

<trans id="44" from="6" to="7">
<condition id="-1">
<or_exp><and_exp></and_exp></or_exp>
</condition>
</trans>
</trans_list>



<state_list>

<state id="1" st_id="1">

<operation id="8" st_id="1" stage="1" lat="1">
<core>s_axilite</core>
<MemPortIdVec></MemPortIdVec>
<condition id="-1">
<or_exp><and_exp></and_exp></or_exp>
</condition>

<Node id="22" bw="64" op_0_bw="64" op_1_bw="64">
<![CDATA[
codeRepl:15 %c_read = read i64 @_ssdm_op_Read.s_axilite.i64, i64 %c

]]></Node>
<StgValue><ssdm name="c_read"/></StgValue>
</operation>

<operation id="9" st_id="1" stage="1" lat="1">
<core>s_axilite</core>
<MemPortIdVec></MemPortIdVec>
<condition id="-1">
<or_exp><and_exp></and_exp></or_exp>
</condition>

<Node id="23" bw="64" op_0_bw="64" op_1_bw="64">
<![CDATA[
codeRepl:16 %b_read = read i64 @_ssdm_op_Read.s_axilite.i64, i64 %b

]]></Node>
<StgValue><ssdm name="b_read"/></StgValue>
</operation>

<operation id="10" st_id="1" stage="1" lat="1">
<core>s_axilite</core>
<MemPortIdVec></MemPortIdVec>
<condition id="-1">
<or_exp><and_exp></and_exp></or_exp>
</condition>

<Node id="24" bw="64" op_0_bw="64" op_1_bw="64">
<![CDATA[
codeRepl:17 %a_read = read i64 @_ssdm_op_Read.s_axilite.i64, i64 %a

]]></Node>
<StgValue><ssdm name="a_read"/></StgValue>
</operation>

<operation id="11" st_id="1" stage="1" lat="1">
<core>NULL</core>
<MemPortIdVec></MemPortIdVec>
<condition id="-1">
<or_exp><and_exp></and_exp></or_exp>
</condition>

<Node id="25" bw="32" op_0_bw="64">
<![CDATA[
codeRepl:18 %arrayA = alloca i64 1

]]></Node>
<StgValue><ssdm name="arrayA"/><MemPortTyVec>2 3 </MemPortTyVec>
</StgValue>
</operation>

<operation id="12" st_id="1" stage="1" lat="1">
<core>NULL</core>
<MemPortIdVec></MemPortIdVec>
<condition id="-1">
<or_exp><and_exp></and_exp></or_exp>
</condition>

<Node id="26" bw="32" op_0_bw="64">
<![CDATA[
codeRepl:19 %arrayB = alloca i64 1

]]></Node>
<StgValue><ssdm name="arrayB"/><MemPortTyVec>2 3 </MemPortTyVec>
</StgValue>
</operation>

<operation id="13" st_id="1" stage="1" lat="1">
<core>NULL</core>
<MemPortIdVec></MemPortIdVec>
<condition id="-1">
<or_exp><and_exp></and_exp></or_exp>
</condition>

<Node id="27" bw="32" op_0_bw="64">
<![CDATA[
codeRepl:20 %arrayC = alloca i64 1

]]></Node>
<StgValue><ssdm name="arrayC"/><MemPortTyVec>2 3 </MemPortTyVec>
</StgValue>
</operation>

<operation id="14" st_id="1" stage="1" lat="1">
<core>NULL</core>
<MemPortIdVec></MemPortIdVec>
<condition id="-1">
<or_exp><and_exp></and_exp></or_exp>
</condition>

<Node id="28" bw="62" op_0_bw="62" op_1_bw="64" op_2_bw="32" op_3_bw="32">
<![CDATA[
codeRepl:21 %trunc_ln18_1 = partselect i62 @_ssdm_op_PartSelect.i62.i64.i32.i32, i64 %a_read, i32 2, i32 63

]]></Node>
<StgValue><ssdm name="trunc_ln18_1"/></StgValue>
</operation>

<operation id="15" st_id="1" stage="1" lat="1">
<core>NULL</core>
<MemPortIdVec></MemPortIdVec>
<condition id="-1">
<or_exp><and_exp></and_exp></or_exp>
</condition>

<Node id="29" bw="62" op_0_bw="62" op_1_bw="64" op_2_bw="32" op_3_bw="32">
<![CDATA[
codeRepl:22 %trunc_ln19_1 = partselect i62 @_ssdm_op_PartSelect.i62.i64.i32.i32, i64 %b_read, i32 2, i32 63

]]></Node>
<StgValue><ssdm name="trunc_ln19_1"/></StgValue>
</operation>

<operation id="16" st_id="1" stage="1" lat="1">
<core>NULL</core>
<MemPortIdVec></MemPortIdVec>
<condition id="-1">
<or_exp><and_exp></and_exp></or_exp>
</condition>

<Node id="32" bw="62" op_0_bw="62" op_1_bw="64" op_2_bw="32" op_3_bw="32">
<![CDATA[
codeRepl:25 %trunc_ln31_1 = partselect i62 @_ssdm_op_PartSelect.i62.i64.i32.i32, i64 %c_read, i32 2, i32 63

]]></Node>
<StgValue><ssdm name="trunc_ln31_1"/></StgValue>
</operation>
</state>

<state id="2" st_id="2">

<operation id="17" st_id="2" stage="2" lat="2">
<core></core>
<MemPortIdVec></MemPortIdVec>
<condition id="-1">
<or_exp><and_exp></and_exp></or_exp>
</condition>

<Node id="30" bw="0" op_0_bw="0" op_1_bw="32" op_2_bw="62" op_3_bw="32" op_4_bw="62" op_5_bw="64" op_6_bw="32" op_7_bw="64" op_8_bw="32" op_9_bw="32">
<![CDATA[
codeRepl:23 %call_ln19 = call void @vector_add_Pipeline_VITIS_LOOP_15_1, i32 %DATA2, i62 %trunc_ln19_1, i32 %DATA1, i62 %trunc_ln18_1, i64 %a_read, i32 %arrayA, i64 %b_read, i32 %arrayB, i32 %arrayC

]]></Node>
<StgValue><ssdm name="call_ln19"/></StgValue>
</operation>
</state>

<state id="3" st_id="3">

<operation id="18" st_id="3" stage="1" lat="2">
<core></core>
<MemPortIdVec></MemPortIdVec>
<condition id="-1">
<or_exp><and_exp></and_exp></or_exp>
</condition>

<Node id="30" bw="0" op_0_bw="0" op_1_bw="32" op_2_bw="62" op_3_bw="32" op_4_bw="62" op_5_bw="64" op_6_bw="32" op_7_bw="64" op_8_bw="32" op_9_bw="32">
<![CDATA[
codeRepl:23 %call_ln19 = call void @vector_add_Pipeline_VITIS_LOOP_15_1, i32 %DATA2, i62 %trunc_ln19_1, i32 %DATA1, i62 %trunc_ln18_1, i64 %a_read, i32 %arrayA, i64 %b_read, i32 %arrayB, i32 %arrayC

]]></Node>
<StgValue><ssdm name="call_ln19"/></StgValue>
</operation>
</state>

<state id="4" st_id="4">

<operation id="19" st_id="4" stage="2" lat="2">
<core></core>
<MemPortIdVec></MemPortIdVec>
<condition id="-1">
<or_exp><and_exp></and_exp></or_exp>
</condition>

<Node id="31" bw="0" op_0_bw="0" op_1_bw="32" op_2_bw="32" op_3_bw="32" op_4_bw="0" op_5_bw="0">
<![CDATA[
codeRepl:24 %call_ln0 = call void @vector_add_Pipeline_VITIS_LOOP_23_2, i32 %arrayA, i32 %arrayB, i32 %arrayC

]]></Node>
<StgValue><ssdm name="call_ln0"/></StgValue>
</operation>
</state>

<state id="5" st_id="5">

<operation id="20" st_id="5" stage="1" lat="2">
<core></core>
<MemPortIdVec></MemPortIdVec>
<condition id="-1">
<or_exp><and_exp></and_exp></or_exp>
</condition>

<Node id="31" bw="0" op_0_bw="0" op_1_bw="32" op_2_bw="32" op_3_bw="32" op_4_bw="0" op_5_bw="0">
<![CDATA[
codeRepl:24 %call_ln0 = call void @vector_add_Pipeline_VITIS_LOOP_23_2, i32 %arrayA, i32 %arrayB, i32 %arrayC

]]></Node>
<StgValue><ssdm name="call_ln0"/></StgValue>
</operation>
</state>

<state id="6" st_id="6">

<operation id="21" st_id="6" stage="2" lat="2">
<core></core>
<MemPortIdVec></MemPortIdVec>
<condition id="-1">
<or_exp><and_exp></and_exp></or_exp>
</condition>

<Node id="33" bw="0" op_0_bw="0" op_1_bw="32" op_2_bw="62" op_3_bw="32" op_4_bw="64" op_5_bw="0" op_6_bw="0">
<![CDATA[
codeRepl:26 %call_ln31 = call void @vector_add_Pipeline_VITIS_LOOP_28_3, i32 %DATA3, i62 %trunc_ln31_1, i32 %arrayC, i64 %c_read

]]></Node>
<StgValue><ssdm name="call_ln31"/></StgValue>
</operation>
</state>

<state id="7" st_id="7">

<operation id="22" st_id="7" stage="1" lat="1">
<core>NULL</core>
<MemPortIdVec></MemPortIdVec>
<condition id="-1">
<or_exp><and_exp></and_exp></or_exp>
</condition>

<Node id="7" bw="0" op_0_bw="0" op_1_bw="32">
<![CDATA[
codeRepl:0 %specbitsmap_ln0 = specbitsmap void @_ssdm_op_SpecBitsMap, i32 0

]]></Node>
<StgValue><ssdm name="specbitsmap_ln0"/></StgValue>
</operation>

<operation id="23" st_id="7" stage="1" lat="1">
<core>NULL</core>
<MemPortIdVec></MemPortIdVec>
<condition id="-1">
<or_exp><and_exp></and_exp></or_exp>
</condition>

<Node id="8" bw="0" op_0_bw="0" op_1_bw="0">
<![CDATA[
codeRepl:1 %spectopmodule_ln0 = spectopmodule void @_ssdm_op_SpecTopModule, void @empty_13

]]></Node>
<StgValue><ssdm name="spectopmodule_ln0"/></StgValue>
</operation>

<operation id="24" st_id="7" stage="1" lat="1">
<core>NULL</core>
<MemPortIdVec></MemPortIdVec>
<condition id="-1">
<or_exp><and_exp></and_exp></or_exp>
</condition>

<Node id="9" bw="0" op_0_bw="0" op_1_bw="32" op_2_bw="0" op_3_bw="32" op_4_bw="32" op_5_bw="0" op_6_bw="32" op_7_bw="32" op_8_bw="0" op_9_bw="0" op_10_bw="0" op_11_bw="32" op_12_bw="32" op_13_bw="32" op_14_bw="32" op_15_bw="0" op_16_bw="0">
<![CDATA[
codeRepl:2 %specinterface_ln0 = specinterface void @_ssdm_op_SpecInterface, i32 %DATA1, void @empty, i32 0, i32 0, void @empty_0, i32 0, i32 1024, void @empty_1, void @empty_2, void @empty_0, i32 16, i32 16, i32 16, i32 16, void @empty_0, void @empty_0

]]></Node>
<StgValue><ssdm name="specinterface_ln0"/></StgValue>
</operation>

<operation id="25" st_id="7" stage="1" lat="1">
<core>NULL</core>
<MemPortIdVec></MemPortIdVec>
<condition id="-1">
<or_exp><and_exp></and_exp></or_exp>
</condition>

<Node id="10" bw="0" op_0_bw="0" op_1_bw="32">
<![CDATA[
codeRepl:3 %specbitsmap_ln0 = specbitsmap void @_ssdm_op_SpecBitsMap, i32 %DATA1

]]></Node>
<StgValue><ssdm name="specbitsmap_ln0"/></StgValue>
</operation>

<operation id="26" st_id="7" stage="1" lat="1">
<core>NULL</core>
<MemPortIdVec></MemPortIdVec>
<condition id="-1">
<or_exp><and_exp></and_exp></or_exp>
</condition>

<Node id="11" bw="0" op_0_bw="0" op_1_bw="32" op_2_bw="0" op_3_bw="32" op_4_bw="32" op_5_bw="0" op_6_bw="32" op_7_bw="32" op_8_bw="0" op_9_bw="0" op_10_bw="0" op_11_bw="32" op_12_bw="32" op_13_bw="32" op_14_bw="32" op_15_bw="0" op_16_bw="0">
<![CDATA[
codeRepl:4 %specinterface_ln0 = specinterface void @_ssdm_op_SpecInterface, i32 %DATA2, void @empty, i32 0, i32 0, void @empty_0, i32 0, i32 1024, void @empty_3, void @empty_2, void @empty_0, i32 16, i32 16, i32 16, i32 16, void @empty_0, void @empty_0

]]></Node>
<StgValue><ssdm name="specinterface_ln0"/></StgValue>
</operation>

<operation id="27" st_id="7" stage="1" lat="1">
<core>NULL</core>
<MemPortIdVec></MemPortIdVec>
<condition id="-1">
<or_exp><and_exp></and_exp></or_exp>
</condition>

<Node id="12" bw="0" op_0_bw="0" op_1_bw="32">
<![CDATA[
codeRepl:5 %specbitsmap_ln0 = specbitsmap void @_ssdm_op_SpecBitsMap, i32 %DATA2

]]></Node>
<StgValue><ssdm name="specbitsmap_ln0"/></StgValue>
</operation>

<operation id="28" st_id="7" stage="1" lat="1">
<core>NULL</core>
<MemPortIdVec></MemPortIdVec>
<condition id="-1">
<or_exp><and_exp></and_exp></or_exp>
</condition>

<Node id="13" bw="0" op_0_bw="0" op_1_bw="32" op_2_bw="0" op_3_bw="32" op_4_bw="32" op_5_bw="0" op_6_bw="32" op_7_bw="32" op_8_bw="0" op_9_bw="0" op_10_bw="0" op_11_bw="32" op_12_bw="32" op_13_bw="32" op_14_bw="32" op_15_bw="0" op_16_bw="0">
<![CDATA[
codeRepl:6 %specinterface_ln0 = specinterface void @_ssdm_op_SpecInterface, i32 %DATA3, void @empty, i32 0, i32 0, void @empty_0, i32 0, i32 1024, void @empty_4, void @empty_2, void @empty_0, i32 16, i32 16, i32 16, i32 16, void @empty_0, void @empty_0

]]></Node>
<StgValue><ssdm name="specinterface_ln0"/></StgValue>
</operation>

<operation id="29" st_id="7" stage="1" lat="1">
<core>NULL</core>
<MemPortIdVec></MemPortIdVec>
<condition id="-1">
<or_exp><and_exp></and_exp></or_exp>
</condition>

<Node id="14" bw="0" op_0_bw="0" op_1_bw="32">
<![CDATA[
codeRepl:7 %specbitsmap_ln0 = specbitsmap void @_ssdm_op_SpecBitsMap, i32 %DATA3

]]></Node>
<StgValue><ssdm name="specbitsmap_ln0"/></StgValue>
</operation>

<operation id="30" st_id="7" stage="1" lat="1">
<core>NULL</core>
<MemPortIdVec></MemPortIdVec>
<condition id="-1">
<or_exp><and_exp></and_exp></or_exp>
</condition>

<Node id="15" bw="0" op_0_bw="0" op_1_bw="64" op_2_bw="0" op_3_bw="32" op_4_bw="32" op_5_bw="0" op_6_bw="32" op_7_bw="32" op_8_bw="0" op_9_bw="0" op_10_bw="0" op_11_bw="32" op_12_bw="32" op_13_bw="32" op_14_bw="32" op_15_bw="0" op_16_bw="0">
<![CDATA[
codeRepl:8 %specinterface_ln0 = specinterface void @_ssdm_op_SpecInterface, i64 %a, void @empty_5, i32 0, i32 0, void @empty_0, i32 0, i32 0, void @empty_6, void @empty_7, void @empty_0, i32 0, i32 0, i32 0, i32 0, void @empty_0, void @empty_8

]]></Node>
<StgValue><ssdm name="specinterface_ln0"/></StgValue>
</operation>

<operation id="31" st_id="7" stage="1" lat="1">
<core>NULL</core>
<MemPortIdVec></MemPortIdVec>
<condition id="-1">
<or_exp><and_exp></and_exp></or_exp>
</condition>

<Node id="16" bw="0" op_0_bw="0" op_1_bw="64" op_2_bw="0" op_3_bw="32" op_4_bw="32" op_5_bw="0" op_6_bw="32" op_7_bw="32" op_8_bw="0" op_9_bw="0" op_10_bw="0" op_11_bw="32" op_12_bw="32" op_13_bw="32" op_14_bw="32" op_15_bw="0" op_16_bw="0">
<![CDATA[
codeRepl:9 %specinterface_ln0 = specinterface void @_ssdm_op_SpecInterface, i64 %a, void @empty_9, i32 0, i32 0, void @empty_0, i32 0, i32 0, void @empty_0, void @empty_0, void @empty_0, i32 0, i32 0, i32 0, i32 0, void @empty_0, void @empty_8

]]></Node>
<StgValue><ssdm name="specinterface_ln0"/></StgValue>
</operation>

<operation id="32" st_id="7" stage="1" lat="1">
<core>NULL</core>
<MemPortIdVec></MemPortIdVec>
<condition id="-1">
<or_exp><and_exp></and_exp></or_exp>
</condition>

<Node id="17" bw="0" op_0_bw="0" op_1_bw="64" op_2_bw="0" op_3_bw="32" op_4_bw="32" op_5_bw="0" op_6_bw="32" op_7_bw="32" op_8_bw="0" op_9_bw="0" op_10_bw="0" op_11_bw="32" op_12_bw="32" op_13_bw="32" op_14_bw="32" op_15_bw="0" op_16_bw="0">
<![CDATA[
codeRepl:10 %specinterface_ln0 = specinterface void @_ssdm_op_SpecInterface, i64 %b, void @empty_5, i32 0, i32 0, void @empty_0, i32 0, i32 0, void @empty_6, void @empty_10, void @empty_0, i32 0, i32 0, i32 0, i32 0, void @empty_0, void @empty_8

]]></Node>
<StgValue><ssdm name="specinterface_ln0"/></StgValue>
</operation>

<operation id="33" st_id="7" stage="1" lat="1">
<core>NULL</core>
<MemPortIdVec></MemPortIdVec>
<condition id="-1">
<or_exp><and_exp></and_exp></or_exp>
</condition>

<Node id="18" bw="0" op_0_bw="0" op_1_bw="64" op_2_bw="0" op_3_bw="32" op_4_bw="32" op_5_bw="0" op_6_bw="32" op_7_bw="32" op_8_bw="0" op_9_bw="0" op_10_bw="0" op_11_bw="32" op_12_bw="32" op_13_bw="32" op_14_bw="32" op_15_bw="0" op_16_bw="0">
<![CDATA[
codeRepl:11 %specinterface_ln0 = specinterface void @_ssdm_op_SpecInterface, i64 %b, void @empty_9, i32 0, i32 0, void @empty_0, i32 0, i32 0, void @empty_0, void @empty_0, void @empty_0, i32 0, i32 0, i32 0, i32 0, void @empty_0, void @empty_8

]]></Node>
<StgValue><ssdm name="specinterface_ln0"/></StgValue>
</operation>

<operation id="34" st_id="7" stage="1" lat="1">
<core>NULL</core>
<MemPortIdVec></MemPortIdVec>
<condition id="-1">
<or_exp><and_exp></and_exp></or_exp>
</condition>

<Node id="19" bw="0" op_0_bw="0" op_1_bw="64" op_2_bw="0" op_3_bw="32" op_4_bw="32" op_5_bw="0" op_6_bw="32" op_7_bw="32" op_8_bw="0" op_9_bw="0" op_10_bw="0" op_11_bw="32" op_12_bw="32" op_13_bw="32" op_14_bw="32" op_15_bw="0" op_16_bw="0">
<![CDATA[
codeRepl:12 %specinterface_ln0 = specinterface void @_ssdm_op_SpecInterface, i64 %c, void @empty_5, i32 0, i32 0, void @empty_0, i32 0, i32 0, void @empty_6, void @empty_11, void @empty_0, i32 0, i32 0, i32 0, i32 0, void @empty_0, void @empty_8

]]></Node>
<StgValue><ssdm name="specinterface_ln0"/></StgValue>
</operation>

<operation id="35" st_id="7" stage="1" lat="1">
<core>NULL</core>
<MemPortIdVec></MemPortIdVec>
<condition id="-1">
<or_exp><and_exp></and_exp></or_exp>
</condition>

<Node id="20" bw="0" op_0_bw="0" op_1_bw="64" op_2_bw="0" op_3_bw="32" op_4_bw="32" op_5_bw="0" op_6_bw="32" op_7_bw="32" op_8_bw="0" op_9_bw="0" op_10_bw="0" op_11_bw="32" op_12_bw="32" op_13_bw="32" op_14_bw="32" op_15_bw="0" op_16_bw="0">
<![CDATA[
codeRepl:13 %specinterface_ln0 = specinterface void @_ssdm_op_SpecInterface, i64 %c, void @empty_9, i32 0, i32 0, void @empty_0, i32 0, i32 0, void @empty_0, void @empty_0, void @empty_0, i32 0, i32 0, i32 0, i32 0, void @empty_0, void @empty_8

]]></Node>
<StgValue><ssdm name="specinterface_ln0"/></StgValue>
</operation>

<operation id="36" st_id="7" stage="1" lat="1">
<core>NULL</core>
<MemPortIdVec></MemPortIdVec>
<condition id="-1">
<or_exp><and_exp></and_exp></or_exp>
</condition>

<Node id="21" bw="0" op_0_bw="0" op_1_bw="32" op_2_bw="0" op_3_bw="32" op_4_bw="32" op_5_bw="0" op_6_bw="32" op_7_bw="32" op_8_bw="0" op_9_bw="0" op_10_bw="0" op_11_bw="32" op_12_bw="32" op_13_bw="32" op_14_bw="32" op_15_bw="0" op_16_bw="0">
<![CDATA[
codeRepl:14 %specinterface_ln0 = specinterface void @_ssdm_op_SpecInterface, i32 0, void @empty_5, i32 0, i32 0, void @empty_0, i32 0, i32 0, void @empty_12, void @empty_7, void @empty_0, i32 0, i32 0, i32 0, i32 0, void @empty_0, void @empty_0

]]></Node>
<StgValue><ssdm name="specinterface_ln0"/></StgValue>
</operation>

<operation id="37" st_id="7" stage="1" lat="2">
<core></core>
<MemPortIdVec></MemPortIdVec>
<condition id="-1">
<or_exp><and_exp></and_exp></or_exp>
</condition>

<Node id="33" bw="0" op_0_bw="0" op_1_bw="32" op_2_bw="62" op_3_bw="32" op_4_bw="64" op_5_bw="0" op_6_bw="0">
<![CDATA[
codeRepl:26 %call_ln31 = call void @vector_add_Pipeline_VITIS_LOOP_28_3, i32 %DATA3, i62 %trunc_ln31_1, i32 %arrayC, i64 %c_read

]]></Node>
<StgValue><ssdm name="call_ln31"/></StgValue>
</operation>

<operation id="38" st_id="7" stage="1" lat="1">
<core>NULL</core>
<MemPortIdVec></MemPortIdVec>
<condition id="-1">
<or_exp><and_exp></and_exp></or_exp>
</condition>

<Node id="34" bw="0" op_0_bw="32">
<![CDATA[
codeRepl:27 %ret_ln33 = ret i32 0

]]></Node>
<StgValue><ssdm name="ret_ln33"/></StgValue>
</operation>
</state>
</state_list>


<ports>
<port id="45" name="DATA1" dir="0" iftype="4">
<core>NULL</core><StgValue><ssdm name="DATA1"/></StgValue>
</port>
<port id="46" name="DATA2" dir="0" iftype="4">
<core>NULL</core><StgValue><ssdm name="DATA2"/></StgValue>
</port>
<port id="47" name="DATA3" dir="1" iftype="4">
<core>NULL</core><StgValue><ssdm name="DATA3"/></StgValue>
</port>
<port id="48" name="a" dir="0" iftype="0">
<core>NULL</core><StgValue><ssdm name="a"/></StgValue>
</port>
<port id="49" name="b" dir="0" iftype="0">
<core>NULL</core><StgValue><ssdm name="b"/></StgValue>
</port>
<port id="50" name="c" dir="0" iftype="0">
<core>NULL</core><StgValue><ssdm name="c"/></StgValue>
</port>
</ports>


<dataflows>
<dataflow id="52" from="_ssdm_op_Read.s_axilite.i64" to="c_read" fromId="51" toId="8">
</dataflow>
<dataflow id="53" from="c" to="c_read" fromId="50" toId="8">
</dataflow>
<dataflow id="54" from="_ssdm_op_Read.s_axilite.i64" to="b_read" fromId="51" toId="9">
</dataflow>
<dataflow id="55" from="b" to="b_read" fromId="49" toId="9">
</dataflow>
<dataflow id="56" from="_ssdm_op_Read.s_axilite.i64" to="a_read" fromId="51" toId="10">
</dataflow>
<dataflow id="57" from="a" to="a_read" fromId="48" toId="10">
</dataflow>
<dataflow id="59" from="StgValue_58" to="arrayA" fromId="58" toId="11">
</dataflow>
<dataflow id="60" from="StgValue_58" to="arrayB" fromId="58" toId="12">
</dataflow>
<dataflow id="61" from="StgValue_58" to="arrayC" fromId="58" toId="13">
</dataflow>
<dataflow id="63" from="_ssdm_op_PartSelect.i62.i64.i32.i32" to="trunc_ln18_1" fromId="62" toId="14">
</dataflow>
<dataflow id="64" from="a_read" to="trunc_ln18_1" fromId="10" toId="14">
</dataflow>
<dataflow id="66" from="StgValue_65" to="trunc_ln18_1" fromId="65" toId="14">
</dataflow>
<dataflow id="68" from="StgValue_67" to="trunc_ln18_1" fromId="67" toId="14">
</dataflow>
<dataflow id="69" from="_ssdm_op_PartSelect.i62.i64.i32.i32" to="trunc_ln19_1" fromId="62" toId="15">
</dataflow>
<dataflow id="70" from="b_read" to="trunc_ln19_1" fromId="9" toId="15">
</dataflow>
<dataflow id="71" from="StgValue_65" to="trunc_ln19_1" fromId="65" toId="15">
</dataflow>
<dataflow id="72" from="StgValue_67" to="trunc_ln19_1" fromId="67" toId="15">
</dataflow>
<dataflow id="73" from="_ssdm_op_PartSelect.i62.i64.i32.i32" to="trunc_ln31_1" fromId="62" toId="16">
</dataflow>
<dataflow id="74" from="c_read" to="trunc_ln31_1" fromId="8" toId="16">
</dataflow>
<dataflow id="75" from="StgValue_65" to="trunc_ln31_1" fromId="65" toId="16">
</dataflow>
<dataflow id="76" from="StgValue_67" to="trunc_ln31_1" fromId="67" toId="16">
</dataflow>
<dataflow id="78" from="vector_add_Pipeline_VITIS_LOOP_15_1" to="call_ln19" fromId="77" toId="17">
</dataflow>
<dataflow id="79" from="DATA2" to="call_ln19" fromId="46" toId="17">
</dataflow>
<dataflow id="80" from="trunc_ln19_1" to="call_ln19" fromId="15" toId="17">
</dataflow>
<dataflow id="81" from="DATA1" to="call_ln19" fromId="45" toId="17">
</dataflow>
<dataflow id="82" from="trunc_ln18_1" to="call_ln19" fromId="14" toId="17">
</dataflow>
<dataflow id="83" from="a_read" to="call_ln19" fromId="10" toId="17">
</dataflow>
<dataflow id="84" from="arrayA" to="call_ln19" fromId="11" toId="17">
</dataflow>
<dataflow id="85" from="b_read" to="call_ln19" fromId="9" toId="17">
</dataflow>
<dataflow id="86" from="arrayB" to="call_ln19" fromId="12" toId="17">
</dataflow>
<dataflow id="87" from="arrayC" to="call_ln19" fromId="13" toId="17">
</dataflow>
<dataflow id="88" from="vector_add_Pipeline_VITIS_LOOP_15_1" to="call_ln19" fromId="77" toId="18">
</dataflow>
<dataflow id="89" from="DATA2" to="call_ln19" fromId="46" toId="18">
</dataflow>
<dataflow id="90" from="trunc_ln19_1" to="call_ln19" fromId="15" toId="18">
</dataflow>
<dataflow id="91" from="DATA1" to="call_ln19" fromId="45" toId="18">
</dataflow>
<dataflow id="92" from="trunc_ln18_1" to="call_ln19" fromId="14" toId="18">
</dataflow>
<dataflow id="93" from="a_read" to="call_ln19" fromId="10" toId="18">
</dataflow>
<dataflow id="94" from="arrayA" to="call_ln19" fromId="11" toId="18">
</dataflow>
<dataflow id="95" from="b_read" to="call_ln19" fromId="9" toId="18">
</dataflow>
<dataflow id="96" from="arrayB" to="call_ln19" fromId="12" toId="18">
</dataflow>
<dataflow id="97" from="arrayC" to="call_ln19" fromId="13" toId="18">
</dataflow>
<dataflow id="99" from="vector_add_Pipeline_VITIS_LOOP_23_2" to="call_ln0" fromId="98" toId="19">
</dataflow>
<dataflow id="100" from="arrayA" to="call_ln0" fromId="11" toId="19">
</dataflow>
<dataflow id="101" from="arrayB" to="call_ln0" fromId="12" toId="19">
</dataflow>
<dataflow id="102" from="arrayC" to="call_ln0" fromId="13" toId="19">
</dataflow>
<dataflow id="103" from="vector_add_Pipeline_VITIS_LOOP_23_2" to="call_ln0" fromId="98" toId="20">
</dataflow>
<dataflow id="104" from="arrayA" to="call_ln0" fromId="11" toId="20">
</dataflow>
<dataflow id="105" from="arrayB" to="call_ln0" fromId="12" toId="20">
</dataflow>
<dataflow id="106" from="arrayC" to="call_ln0" fromId="13" toId="20">
</dataflow>
<dataflow id="108" from="vector_add_Pipeline_VITIS_LOOP_28_3" to="call_ln31" fromId="107" toId="21">
</dataflow>
<dataflow id="109" from="DATA3" to="call_ln31" fromId="47" toId="21">
</dataflow>
<dataflow id="110" from="trunc_ln31_1" to="call_ln31" fromId="16" toId="21">
</dataflow>
<dataflow id="111" from="arrayC" to="call_ln31" fromId="13" toId="21">
</dataflow>
<dataflow id="112" from="c_read" to="call_ln31" fromId="8" toId="21">
</dataflow>
<dataflow id="114" from="_ssdm_op_SpecBitsMap" to="specbitsmap_ln0" fromId="113" toId="22">
</dataflow>
<dataflow id="116" from="StgValue_115" to="specbitsmap_ln0" fromId="115" toId="22">
</dataflow>
<dataflow id="118" from="_ssdm_op_SpecTopModule" to="spectopmodule_ln0" fromId="117" toId="23">
</dataflow>
<dataflow id="120" from="empty_13" to="spectopmodule_ln0" fromId="119" toId="23">
</dataflow>
<dataflow id="122" from="_ssdm_op_SpecInterface" to="specinterface_ln0" fromId="121" toId="24">
</dataflow>
<dataflow id="123" from="DATA1" to="specinterface_ln0" fromId="45" toId="24">
</dataflow>
<dataflow id="125" from="empty" to="specinterface_ln0" fromId="124" toId="24">
</dataflow>
<dataflow id="126" from="StgValue_115" to="specinterface_ln0" fromId="115" toId="24">
</dataflow>
<dataflow id="127" from="StgValue_115" to="specinterface_ln0" fromId="115" toId="24">
</dataflow>
<dataflow id="129" from="empty_0" to="specinterface_ln0" fromId="128" toId="24">
</dataflow>
<dataflow id="130" from="StgValue_115" to="specinterface_ln0" fromId="115" toId="24">
</dataflow>
<dataflow id="132" from="StgValue_131" to="specinterface_ln0" fromId="131" toId="24">
</dataflow>
<dataflow id="134" from="empty_1" to="specinterface_ln0" fromId="133" toId="24">
</dataflow>
<dataflow id="136" from="empty_2" to="specinterface_ln0" fromId="135" toId="24">
</dataflow>
<dataflow id="137" from="empty_0" to="specinterface_ln0" fromId="128" toId="24">
</dataflow>
<dataflow id="139" from="StgValue_138" to="specinterface_ln0" fromId="138" toId="24">
</dataflow>
<dataflow id="140" from="StgValue_138" to="specinterface_ln0" fromId="138" toId="24">
</dataflow>
<dataflow id="141" from="StgValue_138" to="specinterface_ln0" fromId="138" toId="24">
</dataflow>
<dataflow id="142" from="StgValue_138" to="specinterface_ln0" fromId="138" toId="24">
</dataflow>
<dataflow id="143" from="empty_0" to="specinterface_ln0" fromId="128" toId="24">
</dataflow>
<dataflow id="144" from="empty_0" to="specinterface_ln0" fromId="128" toId="24">
</dataflow>
<dataflow id="145" from="_ssdm_op_SpecBitsMap" to="specbitsmap_ln0" fromId="113" toId="25">
</dataflow>
<dataflow id="146" from="DATA1" to="specbitsmap_ln0" fromId="45" toId="25">
</dataflow>
<dataflow id="147" from="_ssdm_op_SpecInterface" to="specinterface_ln0" fromId="121" toId="26">
</dataflow>
<dataflow id="148" from="DATA2" to="specinterface_ln0" fromId="46" toId="26">
</dataflow>
<dataflow id="149" from="empty" to="specinterface_ln0" fromId="124" toId="26">
</dataflow>
<dataflow id="150" from="StgValue_115" to="specinterface_ln0" fromId="115" toId="26">
</dataflow>
<dataflow id="151" from="StgValue_115" to="specinterface_ln0" fromId="115" toId="26">
</dataflow>
<dataflow id="152" from="empty_0" to="specinterface_ln0" fromId="128" toId="26">
</dataflow>
<dataflow id="153" from="StgValue_115" to="specinterface_ln0" fromId="115" toId="26">
</dataflow>
<dataflow id="154" from="StgValue_131" to="specinterface_ln0" fromId="131" toId="26">
</dataflow>
<dataflow id="156" from="empty_3" to="specinterface_ln0" fromId="155" toId="26">
</dataflow>
<dataflow id="157" from="empty_2" to="specinterface_ln0" fromId="135" toId="26">
</dataflow>
<dataflow id="158" from="empty_0" to="specinterface_ln0" fromId="128" toId="26">
</dataflow>
<dataflow id="159" from="StgValue_138" to="specinterface_ln0" fromId="138" toId="26">
</dataflow>
<dataflow id="160" from="StgValue_138" to="specinterface_ln0" fromId="138" toId="26">
</dataflow>
<dataflow id="161" from="StgValue_138" to="specinterface_ln0" fromId="138" toId="26">
</dataflow>
<dataflow id="162" from="StgValue_138" to="specinterface_ln0" fromId="138" toId="26">
</dataflow>
<dataflow id="163" from="empty_0" to="specinterface_ln0" fromId="128" toId="26">
</dataflow>
<dataflow id="164" from="empty_0" to="specinterface_ln0" fromId="128" toId="26">
</dataflow>
<dataflow id="165" from="_ssdm_op_SpecBitsMap" to="specbitsmap_ln0" fromId="113" toId="27">
</dataflow>
<dataflow id="166" from="DATA2" to="specbitsmap_ln0" fromId="46" toId="27">
</dataflow>
<dataflow id="167" from="_ssdm_op_SpecInterface" to="specinterface_ln0" fromId="121" toId="28">
</dataflow>
<dataflow id="168" from="DATA3" to="specinterface_ln0" fromId="47" toId="28">
</dataflow>
<dataflow id="169" from="empty" to="specinterface_ln0" fromId="124" toId="28">
</dataflow>
<dataflow id="170" from="StgValue_115" to="specinterface_ln0" fromId="115" toId="28">
</dataflow>
<dataflow id="171" from="StgValue_115" to="specinterface_ln0" fromId="115" toId="28">
</dataflow>
<dataflow id="172" from="empty_0" to="specinterface_ln0" fromId="128" toId="28">
</dataflow>
<dataflow id="173" from="StgValue_115" to="specinterface_ln0" fromId="115" toId="28">
</dataflow>
<dataflow id="174" from="StgValue_131" to="specinterface_ln0" fromId="131" toId="28">
</dataflow>
<dataflow id="176" from="empty_4" to="specinterface_ln0" fromId="175" toId="28">
</dataflow>
<dataflow id="177" from="empty_2" to="specinterface_ln0" fromId="135" toId="28">
</dataflow>
<dataflow id="178" from="empty_0" to="specinterface_ln0" fromId="128" toId="28">
</dataflow>
<dataflow id="179" from="StgValue_138" to="specinterface_ln0" fromId="138" toId="28">
</dataflow>
<dataflow id="180" from="StgValue_138" to="specinterface_ln0" fromId="138" toId="28">
</dataflow>
<dataflow id="181" from="StgValue_138" to="specinterface_ln0" fromId="138" toId="28">
</dataflow>
<dataflow id="182" from="StgValue_138" to="specinterface_ln0" fromId="138" toId="28">
</dataflow>
<dataflow id="183" from="empty_0" to="specinterface_ln0" fromId="128" toId="28">
</dataflow>
<dataflow id="184" from="empty_0" to="specinterface_ln0" fromId="128" toId="28">
</dataflow>
<dataflow id="185" from="_ssdm_op_SpecBitsMap" to="specbitsmap_ln0" fromId="113" toId="29">
</dataflow>
<dataflow id="186" from="DATA3" to="specbitsmap_ln0" fromId="47" toId="29">
</dataflow>
<dataflow id="187" from="_ssdm_op_SpecInterface" to="specinterface_ln0" fromId="121" toId="30">
</dataflow>
<dataflow id="188" from="a" to="specinterface_ln0" fromId="48" toId="30">
</dataflow>
<dataflow id="190" from="empty_5" to="specinterface_ln0" fromId="189" toId="30">
</dataflow>
<dataflow id="191" from="StgValue_115" to="specinterface_ln0" fromId="115" toId="30">
</dataflow>
<dataflow id="192" from="StgValue_115" to="specinterface_ln0" fromId="115" toId="30">
</dataflow>
<dataflow id="193" from="empty_0" to="specinterface_ln0" fromId="128" toId="30">
</dataflow>
<dataflow id="194" from="StgValue_115" to="specinterface_ln0" fromId="115" toId="30">
</dataflow>
<dataflow id="195" from="StgValue_115" to="specinterface_ln0" fromId="115" toId="30">
</dataflow>
<dataflow id="197" from="empty_6" to="specinterface_ln0" fromId="196" toId="30">
</dataflow>
<dataflow id="199" from="empty_7" to="specinterface_ln0" fromId="198" toId="30">
</dataflow>
<dataflow id="200" from="empty_0" to="specinterface_ln0" fromId="128" toId="30">
</dataflow>
<dataflow id="201" from="StgValue_115" to="specinterface_ln0" fromId="115" toId="30">
</dataflow>
<dataflow id="202" from="StgValue_115" to="specinterface_ln0" fromId="115" toId="30">
</dataflow>
<dataflow id="203" from="StgValue_115" to="specinterface_ln0" fromId="115" toId="30">
</dataflow>
<dataflow id="204" from="StgValue_115" to="specinterface_ln0" fromId="115" toId="30">
</dataflow>
<dataflow id="205" from="empty_0" to="specinterface_ln0" fromId="128" toId="30">
</dataflow>
<dataflow id="207" from="empty_8" to="specinterface_ln0" fromId="206" toId="30">
</dataflow>
<dataflow id="208" from="_ssdm_op_SpecInterface" to="specinterface_ln0" fromId="121" toId="31">
</dataflow>
<dataflow id="209" from="a" to="specinterface_ln0" fromId="48" toId="31">
</dataflow>
<dataflow id="211" from="empty_9" to="specinterface_ln0" fromId="210" toId="31">
</dataflow>
<dataflow id="212" from="StgValue_115" to="specinterface_ln0" fromId="115" toId="31">
</dataflow>
<dataflow id="213" from="StgValue_115" to="specinterface_ln0" fromId="115" toId="31">
</dataflow>
<dataflow id="214" from="empty_0" to="specinterface_ln0" fromId="128" toId="31">
</dataflow>
<dataflow id="215" from="StgValue_115" to="specinterface_ln0" fromId="115" toId="31">
</dataflow>
<dataflow id="216" from="StgValue_115" to="specinterface_ln0" fromId="115" toId="31">
</dataflow>
<dataflow id="217" from="empty_0" to="specinterface_ln0" fromId="128" toId="31">
</dataflow>
<dataflow id="218" from="empty_0" to="specinterface_ln0" fromId="128" toId="31">
</dataflow>
<dataflow id="219" from="empty_0" to="specinterface_ln0" fromId="128" toId="31">
</dataflow>
<dataflow id="220" from="StgValue_115" to="specinterface_ln0" fromId="115" toId="31">
</dataflow>
<dataflow id="221" from="StgValue_115" to="specinterface_ln0" fromId="115" toId="31">
</dataflow>
<dataflow id="222" from="StgValue_115" to="specinterface_ln0" fromId="115" toId="31">
</dataflow>
<dataflow id="223" from="StgValue_115" to="specinterface_ln0" fromId="115" toId="31">
</dataflow>
<dataflow id="224" from="empty_0" to="specinterface_ln0" fromId="128" toId="31">
</dataflow>
<dataflow id="225" from="empty_8" to="specinterface_ln0" fromId="206" toId="31">
</dataflow>
<dataflow id="226" from="_ssdm_op_SpecInterface" to="specinterface_ln0" fromId="121" toId="32">
</dataflow>
<dataflow id="227" from="b" to="specinterface_ln0" fromId="49" toId="32">
</dataflow>
<dataflow id="228" from="empty_5" to="specinterface_ln0" fromId="189" toId="32">
</dataflow>
<dataflow id="229" from="StgValue_115" to="specinterface_ln0" fromId="115" toId="32">
</dataflow>
<dataflow id="230" from="StgValue_115" to="specinterface_ln0" fromId="115" toId="32">
</dataflow>
<dataflow id="231" from="empty_0" to="specinterface_ln0" fromId="128" toId="32">
</dataflow>
<dataflow id="232" from="StgValue_115" to="specinterface_ln0" fromId="115" toId="32">
</dataflow>
<dataflow id="233" from="StgValue_115" to="specinterface_ln0" fromId="115" toId="32">
</dataflow>
<dataflow id="234" from="empty_6" to="specinterface_ln0" fromId="196" toId="32">
</dataflow>
<dataflow id="236" from="empty_10" to="specinterface_ln0" fromId="235" toId="32">
</dataflow>
<dataflow id="237" from="empty_0" to="specinterface_ln0" fromId="128" toId="32">
</dataflow>
<dataflow id="238" from="StgValue_115" to="specinterface_ln0" fromId="115" toId="32">
</dataflow>
<dataflow id="239" from="StgValue_115" to="specinterface_ln0" fromId="115" toId="32">
</dataflow>
<dataflow id="240" from="StgValue_115" to="specinterface_ln0" fromId="115" toId="32">
</dataflow>
<dataflow id="241" from="StgValue_115" to="specinterface_ln0" fromId="115" toId="32">
</dataflow>
<dataflow id="242" from="empty_0" to="specinterface_ln0" fromId="128" toId="32">
</dataflow>
<dataflow id="243" from="empty_8" to="specinterface_ln0" fromId="206" toId="32">
</dataflow>
<dataflow id="244" from="_ssdm_op_SpecInterface" to="specinterface_ln0" fromId="121" toId="33">
</dataflow>
<dataflow id="245" from="b" to="specinterface_ln0" fromId="49" toId="33">
</dataflow>
<dataflow id="246" from="empty_9" to="specinterface_ln0" fromId="210" toId="33">
</dataflow>
<dataflow id="247" from="StgValue_115" to="specinterface_ln0" fromId="115" toId="33">
</dataflow>
<dataflow id="248" from="StgValue_115" to="specinterface_ln0" fromId="115" toId="33">
</dataflow>
<dataflow id="249" from="empty_0" to="specinterface_ln0" fromId="128" toId="33">
</dataflow>
<dataflow id="250" from="StgValue_115" to="specinterface_ln0" fromId="115" toId="33">
</dataflow>
<dataflow id="251" from="StgValue_115" to="specinterface_ln0" fromId="115" toId="33">
</dataflow>
<dataflow id="252" from="empty_0" to="specinterface_ln0" fromId="128" toId="33">
</dataflow>
<dataflow id="253" from="empty_0" to="specinterface_ln0" fromId="128" toId="33">
</dataflow>
<dataflow id="254" from="empty_0" to="specinterface_ln0" fromId="128" toId="33">
</dataflow>
<dataflow id="255" from="StgValue_115" to="specinterface_ln0" fromId="115" toId="33">
</dataflow>
<dataflow id="256" from="StgValue_115" to="specinterface_ln0" fromId="115" toId="33">
</dataflow>
<dataflow id="257" from="StgValue_115" to="specinterface_ln0" fromId="115" toId="33">
</dataflow>
<dataflow id="258" from="StgValue_115" to="specinterface_ln0" fromId="115" toId="33">
</dataflow>
<dataflow id="259" from="empty_0" to="specinterface_ln0" fromId="128" toId="33">
</dataflow>
<dataflow id="260" from="empty_8" to="specinterface_ln0" fromId="206" toId="33">
</dataflow>
<dataflow id="261" from="_ssdm_op_SpecInterface" to="specinterface_ln0" fromId="121" toId="34">
</dataflow>
<dataflow id="262" from="c" to="specinterface_ln0" fromId="50" toId="34">
</dataflow>
<dataflow id="263" from="empty_5" to="specinterface_ln0" fromId="189" toId="34">
</dataflow>
<dataflow id="264" from="StgValue_115" to="specinterface_ln0" fromId="115" toId="34">
</dataflow>
<dataflow id="265" from="StgValue_115" to="specinterface_ln0" fromId="115" toId="34">
</dataflow>
<dataflow id="266" from="empty_0" to="specinterface_ln0" fromId="128" toId="34">
</dataflow>
<dataflow id="267" from="StgValue_115" to="specinterface_ln0" fromId="115" toId="34">
</dataflow>
<dataflow id="268" from="StgValue_115" to="specinterface_ln0" fromId="115" toId="34">
</dataflow>
<dataflow id="269" from="empty_6" to="specinterface_ln0" fromId="196" toId="34">
</dataflow>
<dataflow id="271" from="empty_11" to="specinterface_ln0" fromId="270" toId="34">
</dataflow>
<dataflow id="272" from="empty_0" to="specinterface_ln0" fromId="128" toId="34">
</dataflow>
<dataflow id="273" from="StgValue_115" to="specinterface_ln0" fromId="115" toId="34">
</dataflow>
<dataflow id="274" from="StgValue_115" to="specinterface_ln0" fromId="115" toId="34">
</dataflow>
<dataflow id="275" from="StgValue_115" to="specinterface_ln0" fromId="115" toId="34">
</dataflow>
<dataflow id="276" from="StgValue_115" to="specinterface_ln0" fromId="115" toId="34">
</dataflow>
<dataflow id="277" from="empty_0" to="specinterface_ln0" fromId="128" toId="34">
</dataflow>
<dataflow id="278" from="empty_8" to="specinterface_ln0" fromId="206" toId="34">
</dataflow>
<dataflow id="279" from="_ssdm_op_SpecInterface" to="specinterface_ln0" fromId="121" toId="35">
</dataflow>
<dataflow id="280" from="c" to="specinterface_ln0" fromId="50" toId="35">
</dataflow>
<dataflow id="281" from="empty_9" to="specinterface_ln0" fromId="210" toId="35">
</dataflow>
<dataflow id="282" from="StgValue_115" to="specinterface_ln0" fromId="115" toId="35">
</dataflow>
<dataflow id="283" from="StgValue_115" to="specinterface_ln0" fromId="115" toId="35">
</dataflow>
<dataflow id="284" from="empty_0" to="specinterface_ln0" fromId="128" toId="35">
</dataflow>
<dataflow id="285" from="StgValue_115" to="specinterface_ln0" fromId="115" toId="35">
</dataflow>
<dataflow id="286" from="StgValue_115" to="specinterface_ln0" fromId="115" toId="35">
</dataflow>
<dataflow id="287" from="empty_0" to="specinterface_ln0" fromId="128" toId="35">
</dataflow>
<dataflow id="288" from="empty_0" to="specinterface_ln0" fromId="128" toId="35">
</dataflow>
<dataflow id="289" from="empty_0" to="specinterface_ln0" fromId="128" toId="35">
</dataflow>
<dataflow id="290" from="StgValue_115" to="specinterface_ln0" fromId="115" toId="35">
</dataflow>
<dataflow id="291" from="StgValue_115" to="specinterface_ln0" fromId="115" toId="35">
</dataflow>
<dataflow id="292" from="StgValue_115" to="specinterface_ln0" fromId="115" toId="35">
</dataflow>
<dataflow id="293" from="StgValue_115" to="specinterface_ln0" fromId="115" toId="35">
</dataflow>
<dataflow id="294" from="empty_0" to="specinterface_ln0" fromId="128" toId="35">
</dataflow>
<dataflow id="295" from="empty_8" to="specinterface_ln0" fromId="206" toId="35">
</dataflow>
<dataflow id="296" from="_ssdm_op_SpecInterface" to="specinterface_ln0" fromId="121" toId="36">
</dataflow>
<dataflow id="297" from="StgValue_115" to="specinterface_ln0" fromId="115" toId="36">
</dataflow>
<dataflow id="298" from="empty_5" to="specinterface_ln0" fromId="189" toId="36">
</dataflow>
<dataflow id="299" from="StgValue_115" to="specinterface_ln0" fromId="115" toId="36">
</dataflow>
<dataflow id="300" from="StgValue_115" to="specinterface_ln0" fromId="115" toId="36">
</dataflow>
<dataflow id="301" from="empty_0" to="specinterface_ln0" fromId="128" toId="36">
</dataflow>
<dataflow id="302" from="StgValue_115" to="specinterface_ln0" fromId="115" toId="36">
</dataflow>
<dataflow id="303" from="StgValue_115" to="specinterface_ln0" fromId="115" toId="36">
</dataflow>
<dataflow id="305" from="empty_12" to="specinterface_ln0" fromId="304" toId="36">
</dataflow>
<dataflow id="306" from="empty_7" to="specinterface_ln0" fromId="198" toId="36">
</dataflow>
<dataflow id="307" from="empty_0" to="specinterface_ln0" fromId="128" toId="36">
</dataflow>
<dataflow id="308" from="StgValue_115" to="specinterface_ln0" fromId="115" toId="36">
</dataflow>
<dataflow id="309" from="StgValue_115" to="specinterface_ln0" fromId="115" toId="36">
</dataflow>
<dataflow id="310" from="StgValue_115" to="specinterface_ln0" fromId="115" toId="36">
</dataflow>
<dataflow id="311" from="StgValue_115" to="specinterface_ln0" fromId="115" toId="36">
</dataflow>
<dataflow id="312" from="empty_0" to="specinterface_ln0" fromId="128" toId="36">
</dataflow>
<dataflow id="313" from="empty_0" to="specinterface_ln0" fromId="128" toId="36">
</dataflow>
<dataflow id="314" from="vector_add_Pipeline_VITIS_LOOP_28_3" to="call_ln31" fromId="107" toId="37">
</dataflow>
<dataflow id="315" from="DATA3" to="call_ln31" fromId="47" toId="37">
</dataflow>
<dataflow id="316" from="trunc_ln31_1" to="call_ln31" fromId="16" toId="37">
</dataflow>
<dataflow id="317" from="arrayC" to="call_ln31" fromId="13" toId="37">
</dataflow>
<dataflow id="318" from="c_read" to="call_ln31" fromId="8" toId="37">
</dataflow>
<dataflow id="319" from="StgValue_115" to="ret_ln33" fromId="115" toId="38">
</dataflow>
</dataflows>


</stg>
