<stg><name>vector_add_Pipeline_VITIS_LOOP_15_1</name>


<trans_list>

<trans id="58" from="1" to="2">
<condition id="-1">
<or_exp><and_exp></and_exp></or_exp>
</condition>
</trans>

<trans id="59" from="2" to="3">
<condition id="-1">
<or_exp><and_exp></and_exp></or_exp>
</condition>
</trans>

<trans id="60" from="3" to="4">
<condition id="-1">
<or_exp><and_exp></and_exp></or_exp>
</condition>
</trans>

<trans id="61" from="4" to="5">
<condition id="-1">
<or_exp><and_exp></and_exp></or_exp>
</condition>
</trans>

<trans id="62" from="5" to="6">
<condition id="-1">
<or_exp><and_exp></and_exp></or_exp>
</condition>
</trans>

<trans id="63" from="6" to="7">
<condition id="-1">
<or_exp><and_exp></and_exp></or_exp>
</condition>
</trans>

<trans id="64" from="7" to="8">
<condition id="-1">
<or_exp><and_exp></and_exp></or_exp>
</condition>
</trans>

<trans id="73" from="8" to="11">
<condition id="-1">
<or_exp><and_exp><literal name="icmp_ln15" val="1"/>
</and_exp></or_exp>
</condition>
</trans>

<trans id="74" from="8" to="9">
<condition id="-1">
<or_exp><and_exp><literal name="icmp_ln15" val="0"/>
</and_exp></or_exp>
</condition>
</trans>

<trans id="71" from="9" to="10">
<condition id="-1">
<or_exp><and_exp></and_exp></or_exp>
</condition>
</trans>

<trans id="72" from="10" to="8">
<condition id="-1">
<or_exp><and_exp></and_exp></or_exp>
</condition>
</trans>
</trans_list>



<state_list>

<state id="1" st_id="1">

<operation id="12" st_id="1" stage="1" lat="1">
<core>NULL</core>
<MemPortIdVec></MemPortIdVec>
<condition id="-1">
<or_exp><and_exp></and_exp></or_exp>
</condition>

<Node id="10" bw="11" op_0_bw="32">
<![CDATA[
newFuncRoot:0 %i = alloca i32 1

]]></Node>
<StgValue><ssdm name="i"/></StgValue>
</operation>

<operation id="13" st_id="1" stage="1" lat="1">
<core>NULL</core>
<MemPortIdVec></MemPortIdVec>
<condition id="-1">
<or_exp><and_exp></and_exp></or_exp>
</condition>

<Node id="13" bw="62" op_0_bw="62" op_1_bw="62">
<![CDATA[
newFuncRoot:3 %sext_ln18_1_read = read i62 @_ssdm_op_Read.ap_auto.i62, i62 %sext_ln18_1

]]></Node>
<StgValue><ssdm name="sext_ln18_1_read"/></StgValue>
</operation>

<operation id="14" st_id="1" stage="1" lat="1">
<core>NULL</core>
<MemPortIdVec></MemPortIdVec>
<condition id="-1">
<or_exp><and_exp></and_exp></or_exp>
</condition>

<Node id="14" bw="62" op_0_bw="62" op_1_bw="62">
<![CDATA[
newFuncRoot:4 %sext_ln19_1_read = read i62 @_ssdm_op_Read.ap_auto.i62, i62 %sext_ln19_1

]]></Node>
<StgValue><ssdm name="sext_ln19_1_read"/></StgValue>
</operation>

<operation id="15" st_id="1" stage="1" lat="1">
<core>NULL</core>
<MemPortIdVec></MemPortIdVec>
<condition id="-1">
<or_exp><and_exp></and_exp></or_exp>
</condition>

<Node id="15" bw="64" op_0_bw="62">
<![CDATA[
newFuncRoot:5 %sext_ln18_1_cast = sext i62 %sext_ln18_1_read

]]></Node>
<StgValue><ssdm name="sext_ln18_1_cast"/></StgValue>
</operation>

<operation id="16" st_id="1" stage="1" lat="1">
<core>NULL</core>
<MemPortIdVec></MemPortIdVec>
<condition id="-1">
<or_exp><and_exp></and_exp></or_exp>
</condition>

<Node id="16" bw="64" op_0_bw="62">
<![CDATA[
newFuncRoot:6 %sext_ln19_1_cast = sext i62 %sext_ln19_1_read

]]></Node>
<StgValue><ssdm name="sext_ln19_1_cast"/></StgValue>
</operation>

<operation id="17" st_id="1" stage="1" lat="1">
<core>NULL</core>
<MemPortIdVec></MemPortIdVec>
<condition id="-1">
<or_exp><and_exp></and_exp></or_exp>
</condition>

<Node id="19" bw="64" op_0_bw="64" op_1_bw="64">
<![CDATA[
newFuncRoot:9 %DATA1_addr = getelementptr i32 %DATA1, i64 %sext_ln18_1_cast

]]></Node>
<StgValue><ssdm name="DATA1_addr"/></StgValue>
</operation>

<operation id="18" st_id="1" stage="7" lat="7">
<core>m_axi</core>
<MemPortIdVec></MemPortIdVec>
<condition id="-1">
<or_exp><and_exp></and_exp></or_exp>
</condition>

<Node id="20" bw="1" op_0_bw="1" op_1_bw="32" op_2_bw="32">
<![CDATA[
newFuncRoot:10 %p_rd_req = readreq i1 @_ssdm_op_ReadReq.m_axi.i32P1A, i64 %DATA1_addr, i32 1024

]]></Node>
<StgValue><ssdm name="p_rd_req"/></StgValue>
</operation>

<operation id="19" st_id="1" stage="1" lat="1">
<core>NULL</core>
<MemPortIdVec></MemPortIdVec>
<condition id="-1">
<or_exp><and_exp></and_exp></or_exp>
</condition>

<Node id="21" bw="64" op_0_bw="64" op_1_bw="64">
<![CDATA[
newFuncRoot:11 %DATA2_addr = getelementptr i32 %DATA2, i64 %sext_ln19_1_cast

]]></Node>
<StgValue><ssdm name="DATA2_addr"/></StgValue>
</operation>

<operation id="20" st_id="1" stage="7" lat="7">
<core>m_axi</core>
<MemPortIdVec></MemPortIdVec>
<condition id="-1">
<or_exp><and_exp></and_exp></or_exp>
</condition>

<Node id="22" bw="1" op_0_bw="1" op_1_bw="32" op_2_bw="32">
<![CDATA[
newFuncRoot:12 %p_rd_req3 = readreq i1 @_ssdm_op_ReadReq.m_axi.i32P1A, i64 %DATA2_addr, i32 1024

]]></Node>
<StgValue><ssdm name="p_rd_req3"/></StgValue>
</operation>

<operation id="21" st_id="1" stage="1" lat="1">
<core>NULL</core>
<MemPortIdVec></MemPortIdVec>
<condition id="-1">
<or_exp><and_exp></and_exp></or_exp>
</condition>

<Node id="23" bw="0" op_0_bw="11" op_1_bw="11">
<![CDATA[
newFuncRoot:13 %store_ln0 = store i11 0, i11 %i

]]></Node>
<StgValue><ssdm name="store_ln0"/></StgValue>
</operation>
</state>

<state id="2" st_id="2">

<operation id="22" st_id="2" stage="6" lat="7">
<core>m_axi</core>
<MemPortIdVec></MemPortIdVec>
<condition id="-1">
<or_exp><and_exp></and_exp></or_exp>
</condition>

<Node id="20" bw="1" op_0_bw="1" op_1_bw="32" op_2_bw="32">
<![CDATA[
newFuncRoot:10 %p_rd_req = readreq i1 @_ssdm_op_ReadReq.m_axi.i32P1A, i64 %DATA1_addr, i32 1024

]]></Node>
<StgValue><ssdm name="p_rd_req"/></StgValue>
</operation>

<operation id="23" st_id="2" stage="6" lat="7">
<core>m_axi</core>
<MemPortIdVec></MemPortIdVec>
<condition id="-1">
<or_exp><and_exp></and_exp></or_exp>
</condition>

<Node id="22" bw="1" op_0_bw="1" op_1_bw="32" op_2_bw="32">
<![CDATA[
newFuncRoot:12 %p_rd_req3 = readreq i1 @_ssdm_op_ReadReq.m_axi.i32P1A, i64 %DATA2_addr, i32 1024

]]></Node>
<StgValue><ssdm name="p_rd_req3"/></StgValue>
</operation>
</state>

<state id="3" st_id="3">

<operation id="24" st_id="3" stage="5" lat="7">
<core>m_axi</core>
<MemPortIdVec></MemPortIdVec>
<condition id="-1">
<or_exp><and_exp></and_exp></or_exp>
</condition>

<Node id="20" bw="1" op_0_bw="1" op_1_bw="32" op_2_bw="32">
<![CDATA[
newFuncRoot:10 %p_rd_req = readreq i1 @_ssdm_op_ReadReq.m_axi.i32P1A, i64 %DATA1_addr, i32 1024

]]></Node>
<StgValue><ssdm name="p_rd_req"/></StgValue>
</operation>

<operation id="25" st_id="3" stage="5" lat="7">
<core>m_axi</core>
<MemPortIdVec></MemPortIdVec>
<condition id="-1">
<or_exp><and_exp></and_exp></or_exp>
</condition>

<Node id="22" bw="1" op_0_bw="1" op_1_bw="32" op_2_bw="32">
<![CDATA[
newFuncRoot:12 %p_rd_req3 = readreq i1 @_ssdm_op_ReadReq.m_axi.i32P1A, i64 %DATA2_addr, i32 1024

]]></Node>
<StgValue><ssdm name="p_rd_req3"/></StgValue>
</operation>
</state>

<state id="4" st_id="4">

<operation id="26" st_id="4" stage="4" lat="7">
<core>m_axi</core>
<MemPortIdVec></MemPortIdVec>
<condition id="-1">
<or_exp><and_exp></and_exp></or_exp>
</condition>

<Node id="20" bw="1" op_0_bw="1" op_1_bw="32" op_2_bw="32">
<![CDATA[
newFuncRoot:10 %p_rd_req = readreq i1 @_ssdm_op_ReadReq.m_axi.i32P1A, i64 %DATA1_addr, i32 1024

]]></Node>
<StgValue><ssdm name="p_rd_req"/></StgValue>
</operation>

<operation id="27" st_id="4" stage="4" lat="7">
<core>m_axi</core>
<MemPortIdVec></MemPortIdVec>
<condition id="-1">
<or_exp><and_exp></and_exp></or_exp>
</condition>

<Node id="22" bw="1" op_0_bw="1" op_1_bw="32" op_2_bw="32">
<![CDATA[
newFuncRoot:12 %p_rd_req3 = readreq i1 @_ssdm_op_ReadReq.m_axi.i32P1A, i64 %DATA2_addr, i32 1024

]]></Node>
<StgValue><ssdm name="p_rd_req3"/></StgValue>
</operation>
</state>

<state id="5" st_id="5">

<operation id="28" st_id="5" stage="3" lat="7">
<core>m_axi</core>
<MemPortIdVec></MemPortIdVec>
<condition id="-1">
<or_exp><and_exp></and_exp></or_exp>
</condition>

<Node id="20" bw="1" op_0_bw="1" op_1_bw="32" op_2_bw="32">
<![CDATA[
newFuncRoot:10 %p_rd_req = readreq i1 @_ssdm_op_ReadReq.m_axi.i32P1A, i64 %DATA1_addr, i32 1024

]]></Node>
<StgValue><ssdm name="p_rd_req"/></StgValue>
</operation>

<operation id="29" st_id="5" stage="3" lat="7">
<core>m_axi</core>
<MemPortIdVec></MemPortIdVec>
<condition id="-1">
<or_exp><and_exp></and_exp></or_exp>
</condition>

<Node id="22" bw="1" op_0_bw="1" op_1_bw="32" op_2_bw="32">
<![CDATA[
newFuncRoot:12 %p_rd_req3 = readreq i1 @_ssdm_op_ReadReq.m_axi.i32P1A, i64 %DATA2_addr, i32 1024

]]></Node>
<StgValue><ssdm name="p_rd_req3"/></StgValue>
</operation>
</state>

<state id="6" st_id="6">

<operation id="30" st_id="6" stage="2" lat="7">
<core>m_axi</core>
<MemPortIdVec></MemPortIdVec>
<condition id="-1">
<or_exp><and_exp></and_exp></or_exp>
</condition>

<Node id="20" bw="1" op_0_bw="1" op_1_bw="32" op_2_bw="32">
<![CDATA[
newFuncRoot:10 %p_rd_req = readreq i1 @_ssdm_op_ReadReq.m_axi.i32P1A, i64 %DATA1_addr, i32 1024

]]></Node>
<StgValue><ssdm name="p_rd_req"/></StgValue>
</operation>

<operation id="31" st_id="6" stage="2" lat="7">
<core>m_axi</core>
<MemPortIdVec></MemPortIdVec>
<condition id="-1">
<or_exp><and_exp></and_exp></or_exp>
</condition>

<Node id="22" bw="1" op_0_bw="1" op_1_bw="32" op_2_bw="32">
<![CDATA[
newFuncRoot:12 %p_rd_req3 = readreq i1 @_ssdm_op_ReadReq.m_axi.i32P1A, i64 %DATA2_addr, i32 1024

]]></Node>
<StgValue><ssdm name="p_rd_req3"/></StgValue>
</operation>
</state>

<state id="7" st_id="7">

<operation id="32" st_id="7" stage="1" lat="1">
<core>NULL</core>
<MemPortIdVec></MemPortIdVec>
<condition id="-1">
<or_exp><and_exp></and_exp></or_exp>
</condition>

<Node id="11" bw="64" op_0_bw="64" op_1_bw="64">
<![CDATA[
newFuncRoot:1 %b7 = read i64 @_ssdm_op_Read.ap_auto.i64, i64 %b

]]></Node>
<StgValue><ssdm name="b7"/></StgValue>
</operation>

<operation id="33" st_id="7" stage="1" lat="1">
<core>NULL</core>
<MemPortIdVec></MemPortIdVec>
<condition id="-1">
<or_exp><and_exp></and_exp></or_exp>
</condition>

<Node id="12" bw="64" op_0_bw="64" op_1_bw="64">
<![CDATA[
newFuncRoot:2 %a6 = read i64 @_ssdm_op_Read.ap_auto.i64, i64 %a

]]></Node>
<StgValue><ssdm name="a6"/></StgValue>
</operation>

<operation id="34" st_id="7" stage="1" lat="1">
<core>NULL</core>
<MemPortIdVec></MemPortIdVec>
<condition id="-1">
<or_exp><and_exp></and_exp></or_exp>
</condition>

<Node id="17" bw="0" op_0_bw="0" op_1_bw="32" op_2_bw="0" op_3_bw="32" op_4_bw="32" op_5_bw="0" op_6_bw="32" op_7_bw="32" op_8_bw="0" op_9_bw="0" op_10_bw="0" op_11_bw="32" op_12_bw="32" op_13_bw="32" op_14_bw="32" op_15_bw="0" op_16_bw="0">
<![CDATA[
newFuncRoot:7 %specinterface_ln0 = specinterface void @_ssdm_op_SpecInterface, i32 %DATA2, void @empty, i32 0, i32 0, void @empty_0, i32 0, i32 1024, void @empty_3, void @empty_2, void @empty_0, i32 16, i32 16, i32 16, i32 16, void @empty_0, void @empty_0

]]></Node>
<StgValue><ssdm name="specinterface_ln0"/></StgValue>
</operation>

<operation id="35" st_id="7" stage="1" lat="1">
<core>NULL</core>
<MemPortIdVec></MemPortIdVec>
<condition id="-1">
<or_exp><and_exp></and_exp></or_exp>
</condition>

<Node id="18" bw="0" op_0_bw="0" op_1_bw="32" op_2_bw="0" op_3_bw="32" op_4_bw="32" op_5_bw="0" op_6_bw="32" op_7_bw="32" op_8_bw="0" op_9_bw="0" op_10_bw="0" op_11_bw="32" op_12_bw="32" op_13_bw="32" op_14_bw="32" op_15_bw="0" op_16_bw="0">
<![CDATA[
newFuncRoot:8 %specinterface_ln0 = specinterface void @_ssdm_op_SpecInterface, i32 %DATA1, void @empty, i32 0, i32 0, void @empty_0, i32 0, i32 1024, void @empty_1, void @empty_2, void @empty_0, i32 16, i32 16, i32 16, i32 16, void @empty_0, void @empty_0

]]></Node>
<StgValue><ssdm name="specinterface_ln0"/></StgValue>
</operation>

<operation id="36" st_id="7" stage="1" lat="7">
<core>m_axi</core>
<MemPortIdVec></MemPortIdVec>
<condition id="-1">
<or_exp><and_exp></and_exp></or_exp>
</condition>

<Node id="20" bw="1" op_0_bw="1" op_1_bw="32" op_2_bw="32">
<![CDATA[
newFuncRoot:10 %p_rd_req = readreq i1 @_ssdm_op_ReadReq.m_axi.i32P1A, i64 %DATA1_addr, i32 1024

]]></Node>
<StgValue><ssdm name="p_rd_req"/></StgValue>
</operation>

<operation id="37" st_id="7" stage="1" lat="7">
<core>m_axi</core>
<MemPortIdVec></MemPortIdVec>
<condition id="-1">
<or_exp><and_exp></and_exp></or_exp>
</condition>

<Node id="22" bw="1" op_0_bw="1" op_1_bw="32" op_2_bw="32">
<![CDATA[
newFuncRoot:12 %p_rd_req3 = readreq i1 @_ssdm_op_ReadReq.m_axi.i32P1A, i64 %DATA2_addr, i32 1024

]]></Node>
<StgValue><ssdm name="p_rd_req3"/></StgValue>
</operation>

<operation id="38" st_id="7" stage="1" lat="1">
<core>NULL</core>
<MemPortIdVec></MemPortIdVec>
<condition id="-1">
<or_exp><and_exp></and_exp></or_exp>
</condition>

<Node id="24" bw="0" op_0_bw="0">
<![CDATA[
newFuncRoot:14 %br_ln0 = br void

]]></Node>
<StgValue><ssdm name="br_ln0"/></StgValue>
</operation>
</state>

<state id="8" st_id="8">

<operation id="39" st_id="8" stage="1" lat="1">
<core>NULL</core>
<MemPortIdVec></MemPortIdVec>
<condition id="-1">
<or_exp><and_exp></and_exp></or_exp>
</condition>

<Node id="26" bw="11" op_0_bw="11" op_1_bw="0">
<![CDATA[
:0 %i_2 = load i11 %i

]]></Node>
<StgValue><ssdm name="i_2"/></StgValue>
</operation>

<operation id="40" st_id="8" stage="1" lat="1">
<core>Cmp</core>
<MemPortIdVec></MemPortIdVec>
<condition id="-1">
<or_exp><and_exp></and_exp></or_exp>
</condition>

<Node id="27" bw="1" op_0_bw="11" op_1_bw="11">
<![CDATA[
:1 %icmp_ln15 = icmp_eq  i11 %i_2, i11 1024

]]></Node>
<StgValue><ssdm name="icmp_ln15"/></StgValue>
</operation>

<operation id="41" st_id="8" stage="1" lat="1">
<core>NULL</core>
<MemPortIdVec></MemPortIdVec>
<condition id="-1">
<or_exp><and_exp></and_exp></or_exp>
</condition>

<Node id="28" bw="32" op_0_bw="32" op_1_bw="64" op_2_bw="64" op_3_bw="64">
<![CDATA[
:2 %empty = speclooptripcount i32 @_ssdm_op_SpecLoopTripCount, i64 1024, i64 1024, i64 1024

]]></Node>
<StgValue><ssdm name="empty"/></StgValue>
</operation>

<operation id="42" st_id="8" stage="1" lat="1">
<core>Adder</core>
<MemPortIdVec></MemPortIdVec>
<condition id="-1">
<or_exp><and_exp></and_exp></or_exp>
</condition>

<Node id="29" bw="11" op_0_bw="11" op_1_bw="11">
<![CDATA[
:3 %add_ln15 = add i11 %i_2, i11 1

]]></Node>
<StgValue><ssdm name="add_ln15"/></StgValue>
</operation>

<operation id="43" st_id="8" stage="1" lat="1">
<core>NULL</core>
<MemPortIdVec></MemPortIdVec>
<condition id="-1">
<or_exp><and_exp></and_exp></or_exp>
</condition>

<Node id="30" bw="0" op_0_bw="1" op_1_bw="0" op_2_bw="0">
<![CDATA[
:4 %br_ln15 = br i1 %icmp_ln15, void %.split4, void %.preheader1.preheader.exitStub

]]></Node>
<StgValue><ssdm name="br_ln15"/></StgValue>
</operation>

<operation id="44" st_id="8" stage="1" lat="1">
<core>NULL</core>
<MemPortIdVec></MemPortIdVec>
<condition id="-1">
<or_exp><and_exp><literal name="icmp_ln15" val="0"/>
</and_exp></or_exp>
</condition>

<Node id="32" bw="64" op_0_bw="11">
<![CDATA[
.split4:0 %zext_ln15 = zext i11 %i_2

]]></Node>
<StgValue><ssdm name="zext_ln15"/></StgValue>
</operation>

<operation id="45" st_id="8" stage="1" lat="1">
<core>NULL</core>
<MemPortIdVec></MemPortIdVec>
<condition id="-1">
<or_exp><and_exp><literal name="icmp_ln15" val="0"/>
</and_exp></or_exp>
</condition>

<Node id="41" bw="10" op_0_bw="32" op_1_bw="64" op_2_bw="64">
<![CDATA[
.split4:9 %arrayC_addr = getelementptr i32 %arrayC, i64 0, i64 %zext_ln15

]]></Node>
<StgValue><ssdm name="arrayC_addr"/></StgValue>
</operation>

<operation id="46" st_id="8" stage="1" lat="1">
<core>RAM</core>
<MemPortIdVec>0 </MemPortIdVec>
<condition id="-1">
<or_exp><and_exp><literal name="icmp_ln15" val="0"/>
</and_exp></or_exp>
</condition>

<Node id="42" bw="0" op_0_bw="32" op_1_bw="10">
<![CDATA[
.split4:10 %store_ln20 = store i32 0, i10 %arrayC_addr

]]></Node>
<StgValue><ssdm name="store_ln20"/></StgValue>
</operation>

<operation id="47" st_id="8" stage="1" lat="1">
<core>NULL</core>
<MemPortIdVec></MemPortIdVec>
<condition id="-1">
<or_exp><and_exp><literal name="icmp_ln15" val="0"/>
</and_exp></or_exp>
</condition>

<Node id="43" bw="0" op_0_bw="11" op_1_bw="11" op_2_bw="0" op_3_bw="0">
<![CDATA[
.split4:11 %store_ln15 = store i11 %add_ln15, i11 %i

]]></Node>
<StgValue><ssdm name="store_ln15"/></StgValue>
</operation>
</state>

<state id="9" st_id="9">

<operation id="48" st_id="9" stage="1" lat="1">
<core>m_axi</core>
<MemPortIdVec></MemPortIdVec>
<condition id="-1">
<or_exp><and_exp></and_exp></or_exp>
</condition>

<Node id="35" bw="32" op_0_bw="32" op_1_bw="32" op_2_bw="0">
<![CDATA[
.split4:3 %DATA1_addr_read = read i32 @_ssdm_op_Read.m_axi.i32P1A, i64 %DATA1_addr

]]></Node>
<StgValue><ssdm name="DATA1_addr_read"/></StgValue>
</operation>

<operation id="49" st_id="9" stage="1" lat="1">
<core>m_axi</core>
<MemPortIdVec></MemPortIdVec>
<condition id="-1">
<or_exp><and_exp></and_exp></or_exp>
</condition>

<Node id="38" bw="32" op_0_bw="32" op_1_bw="32" op_2_bw="0">
<![CDATA[
.split4:6 %DATA2_addr_read = read i32 @_ssdm_op_Read.m_axi.i32P1A, i64 %DATA2_addr

]]></Node>
<StgValue><ssdm name="DATA2_addr_read"/></StgValue>
</operation>
</state>

<state id="10" st_id="10">

<operation id="50" st_id="10" stage="1" lat="1">
<core>NULL</core>
<MemPortIdVec></MemPortIdVec>
<condition id="-1">
<or_exp><and_exp></and_exp></or_exp>
</condition>

<Node id="33" bw="0" op_0_bw="0" op_1_bw="32" op_2_bw="32" op_3_bw="32" op_4_bw="32" op_5_bw="0">
<![CDATA[
.split4:1 %specpipeline_ln10 = specpipeline void @_ssdm_op_SpecPipeline, i32 4294967295, i32 0, i32 0, i32 0, void @empty_0

]]></Node>
<StgValue><ssdm name="specpipeline_ln10"/></StgValue>
</operation>

<operation id="51" st_id="10" stage="1" lat="1">
<core>NULL</core>
<MemPortIdVec></MemPortIdVec>
<condition id="-1">
<or_exp><and_exp></and_exp></or_exp>
</condition>

<Node id="34" bw="0" op_0_bw="0" op_1_bw="0">
<![CDATA[
.split4:2 %specloopname_ln10 = specloopname void @_ssdm_op_SpecLoopName, void @empty_16

]]></Node>
<StgValue><ssdm name="specloopname_ln10"/></StgValue>
</operation>

<operation id="52" st_id="10" stage="1" lat="1">
<core>NULL</core>
<MemPortIdVec></MemPortIdVec>
<condition id="-1">
<or_exp><and_exp></and_exp></or_exp>
</condition>

<Node id="36" bw="10" op_0_bw="32" op_1_bw="64" op_2_bw="64">
<![CDATA[
.split4:4 %arrayA_addr = getelementptr i32 %arrayA, i64 0, i64 %zext_ln15

]]></Node>
<StgValue><ssdm name="arrayA_addr"/></StgValue>
</operation>

<operation id="53" st_id="10" stage="1" lat="1">
<core>RAM</core>
<MemPortIdVec>0 </MemPortIdVec>
<condition id="-1">
<or_exp><and_exp></and_exp></or_exp>
</condition>

<Node id="37" bw="0" op_0_bw="32" op_1_bw="10">
<![CDATA[
.split4:5 %store_ln18 = store i32 %DATA1_addr_read, i10 %arrayA_addr

]]></Node>
<StgValue><ssdm name="store_ln18"/></StgValue>
</operation>

<operation id="54" st_id="10" stage="1" lat="1">
<core>NULL</core>
<MemPortIdVec></MemPortIdVec>
<condition id="-1">
<or_exp><and_exp></and_exp></or_exp>
</condition>

<Node id="39" bw="10" op_0_bw="32" op_1_bw="64" op_2_bw="64">
<![CDATA[
.split4:7 %arrayB_addr = getelementptr i32 %arrayB, i64 0, i64 %zext_ln15

]]></Node>
<StgValue><ssdm name="arrayB_addr"/></StgValue>
</operation>

<operation id="55" st_id="10" stage="1" lat="1">
<core>RAM</core>
<MemPortIdVec>0 </MemPortIdVec>
<condition id="-1">
<or_exp><and_exp></and_exp></or_exp>
</condition>

<Node id="40" bw="0" op_0_bw="32" op_1_bw="10">
<![CDATA[
.split4:8 %store_ln19 = store i32 %DATA2_addr_read, i10 %arrayB_addr

]]></Node>
<StgValue><ssdm name="store_ln19"/></StgValue>
</operation>

<operation id="56" st_id="10" stage="1" lat="1">
<core>NULL</core>
<MemPortIdVec></MemPortIdVec>
<condition id="-1">
<or_exp><and_exp></and_exp></or_exp>
</condition>

<Node id="44" bw="0" op_0_bw="0">
<![CDATA[
.split4:12 %br_ln0 = br void

]]></Node>
<StgValue><ssdm name="br_ln0"/></StgValue>
</operation>
</state>

<state id="11" st_id="11">

<operation id="57" st_id="11" stage="1" lat="1">
<core>NULL</core>
<MemPortIdVec></MemPortIdVec>
<condition id="-1">
<or_exp><and_exp></and_exp></or_exp>
</condition>

<Node id="46" bw="0">
<![CDATA[
.preheader1.preheader.exitStub:0 %ret_ln0 = ret

]]></Node>
<StgValue><ssdm name="ret_ln0"/></StgValue>
</operation>
</state>
</state_list>


<ports>
<port id="75" name="DATA2" dir="0" iftype="4">
<core>NULL</core><StgValue><ssdm name="DATA2"/></StgValue>
</port>
<port id="76" name="sext_ln19_1" dir="0" iftype="0">
<core>NULL</core><StgValue><ssdm name="sext_ln19_1"/></StgValue>
</port>
<port id="77" name="DATA1" dir="0" iftype="4">
<core>NULL</core><StgValue><ssdm name="DATA1"/></StgValue>
</port>
<port id="78" name="sext_ln18_1" dir="0" iftype="0">
<core>NULL</core><StgValue><ssdm name="sext_ln18_1"/></StgValue>
</port>
<port id="79" name="a" dir="0" iftype="0">
<core>NULL</core><StgValue><ssdm name="a"/></StgValue>
</port>
<port id="80" name="arrayA" dir="1" iftype="1">
<core>RAM</core><StgValue><ssdm name="arrayA"/><MemPortTyVec>0 3 </MemPortTyVec>
</StgValue>
</port>
<port id="81" name="b" dir="0" iftype="0">
<core>NULL</core><StgValue><ssdm name="b"/></StgValue>
</port>
<port id="82" name="arrayB" dir="1" iftype="1">
<core>RAM</core><StgValue><ssdm name="arrayB"/><MemPortTyVec>0 3 </MemPortTyVec>
</StgValue>
</port>
<port id="83" name="arrayC" dir="1" iftype="1">
<core>RAM</core><StgValue><ssdm name="arrayC"/><MemPortTyVec>0 3 </MemPortTyVec>
</StgValue>
</port>
</ports>


<dataflows>
<dataflow id="85" from="StgValue_84" to="i" fromId="84" toId="12">
</dataflow>
<dataflow id="87" from="_ssdm_op_Read.ap_auto.i62" to="sext_ln18_1_read" fromId="86" toId="13">
</dataflow>
<dataflow id="88" from="sext_ln18_1" to="sext_ln18_1_read" fromId="78" toId="13">
</dataflow>
<dataflow id="89" from="_ssdm_op_Read.ap_auto.i62" to="sext_ln19_1_read" fromId="86" toId="14">
</dataflow>
<dataflow id="90" from="sext_ln19_1" to="sext_ln19_1_read" fromId="76" toId="14">
</dataflow>
<dataflow id="91" from="sext_ln18_1_read" to="sext_ln18_1_cast" fromId="13" toId="15">
</dataflow>
<dataflow id="92" from="sext_ln19_1_read" to="sext_ln19_1_cast" fromId="14" toId="16">
</dataflow>
<dataflow id="93" from="DATA1" to="DATA1_addr" fromId="77" toId="17">
</dataflow>
<dataflow id="94" from="sext_ln18_1_cast" to="DATA1_addr" fromId="15" toId="17">
</dataflow>
<dataflow id="96" from="_ssdm_op_ReadReq.m_axi.i32P1A" to="p_rd_req" fromId="95" toId="18">
</dataflow>
<dataflow id="97" from="DATA1_addr" to="p_rd_req" fromId="17" toId="18">
</dataflow>
<dataflow id="99" from="StgValue_98" to="p_rd_req" fromId="98" toId="18">
</dataflow>
<dataflow id="100" from="DATA2" to="DATA2_addr" fromId="75" toId="19">
</dataflow>
<dataflow id="101" from="sext_ln19_1_cast" to="DATA2_addr" fromId="16" toId="19">
</dataflow>
<dataflow id="102" from="_ssdm_op_ReadReq.m_axi.i32P1A" to="p_rd_req3" fromId="95" toId="20">
</dataflow>
<dataflow id="103" from="DATA2_addr" to="p_rd_req3" fromId="19" toId="20">
</dataflow>
<dataflow id="104" from="StgValue_98" to="p_rd_req3" fromId="98" toId="20">
</dataflow>
<dataflow id="106" from="StgValue_105" to="store_ln0" fromId="105" toId="21">
</dataflow>
<dataflow id="107" from="i" to="store_ln0" fromId="12" toId="21">
</dataflow>
<dataflow id="108" from="_ssdm_op_ReadReq.m_axi.i32P1A" to="p_rd_req" fromId="95" toId="22">
</dataflow>
<dataflow id="109" from="DATA1_addr" to="p_rd_req" fromId="17" toId="22">
</dataflow>
<dataflow id="110" from="StgValue_98" to="p_rd_req" fromId="98" toId="22">
</dataflow>
<dataflow id="111" from="_ssdm_op_ReadReq.m_axi.i32P1A" to="p_rd_req3" fromId="95" toId="23">
</dataflow>
<dataflow id="112" from="DATA2_addr" to="p_rd_req3" fromId="19" toId="23">
</dataflow>
<dataflow id="113" from="StgValue_98" to="p_rd_req3" fromId="98" toId="23">
</dataflow>
<dataflow id="114" from="_ssdm_op_ReadReq.m_axi.i32P1A" to="p_rd_req" fromId="95" toId="24">
</dataflow>
<dataflow id="115" from="DATA1_addr" to="p_rd_req" fromId="17" toId="24">
</dataflow>
<dataflow id="116" from="StgValue_98" to="p_rd_req" fromId="98" toId="24">
</dataflow>
<dataflow id="117" from="_ssdm_op_ReadReq.m_axi.i32P1A" to="p_rd_req3" fromId="95" toId="25">
</dataflow>
<dataflow id="118" from="DATA2_addr" to="p_rd_req3" fromId="19" toId="25">
</dataflow>
<dataflow id="119" from="StgValue_98" to="p_rd_req3" fromId="98" toId="25">
</dataflow>
<dataflow id="120" from="_ssdm_op_ReadReq.m_axi.i32P1A" to="p_rd_req" fromId="95" toId="26">
</dataflow>
<dataflow id="121" from="DATA1_addr" to="p_rd_req" fromId="17" toId="26">
</dataflow>
<dataflow id="122" from="StgValue_98" to="p_rd_req" fromId="98" toId="26">
</dataflow>
<dataflow id="123" from="_ssdm_op_ReadReq.m_axi.i32P1A" to="p_rd_req3" fromId="95" toId="27">
</dataflow>
<dataflow id="124" from="DATA2_addr" to="p_rd_req3" fromId="19" toId="27">
</dataflow>
<dataflow id="125" from="StgValue_98" to="p_rd_req3" fromId="98" toId="27">
</dataflow>
<dataflow id="126" from="_ssdm_op_ReadReq.m_axi.i32P1A" to="p_rd_req" fromId="95" toId="28">
</dataflow>
<dataflow id="127" from="DATA1_addr" to="p_rd_req" fromId="17" toId="28">
</dataflow>
<dataflow id="128" from="StgValue_98" to="p_rd_req" fromId="98" toId="28">
</dataflow>
<dataflow id="129" from="_ssdm_op_ReadReq.m_axi.i32P1A" to="p_rd_req3" fromId="95" toId="29">
</dataflow>
<dataflow id="130" from="DATA2_addr" to="p_rd_req3" fromId="19" toId="29">
</dataflow>
<dataflow id="131" from="StgValue_98" to="p_rd_req3" fromId="98" toId="29">
</dataflow>
<dataflow id="132" from="_ssdm_op_ReadReq.m_axi.i32P1A" to="p_rd_req" fromId="95" toId="30">
</dataflow>
<dataflow id="133" from="DATA1_addr" to="p_rd_req" fromId="17" toId="30">
</dataflow>
<dataflow id="134" from="StgValue_98" to="p_rd_req" fromId="98" toId="30">
</dataflow>
<dataflow id="135" from="_ssdm_op_ReadReq.m_axi.i32P1A" to="p_rd_req3" fromId="95" toId="31">
</dataflow>
<dataflow id="136" from="DATA2_addr" to="p_rd_req3" fromId="19" toId="31">
</dataflow>
<dataflow id="137" from="StgValue_98" to="p_rd_req3" fromId="98" toId="31">
</dataflow>
<dataflow id="139" from="_ssdm_op_Read.ap_auto.i64" to="b7" fromId="138" toId="32">
</dataflow>
<dataflow id="140" from="b" to="b7" fromId="81" toId="32">
</dataflow>
<dataflow id="141" from="_ssdm_op_Read.ap_auto.i64" to="a6" fromId="138" toId="33">
</dataflow>
<dataflow id="142" from="a" to="a6" fromId="79" toId="33">
</dataflow>
<dataflow id="144" from="_ssdm_op_SpecInterface" to="specinterface_ln0" fromId="143" toId="34">
</dataflow>
<dataflow id="145" from="DATA2" to="specinterface_ln0" fromId="75" toId="34">
</dataflow>
<dataflow id="147" from="empty" to="specinterface_ln0" fromId="146" toId="34">
</dataflow>
<dataflow id="149" from="StgValue_148" to="specinterface_ln0" fromId="148" toId="34">
</dataflow>
<dataflow id="150" from="StgValue_148" to="specinterface_ln0" fromId="148" toId="34">
</dataflow>
<dataflow id="152" from="empty_0" to="specinterface_ln0" fromId="151" toId="34">
</dataflow>
<dataflow id="153" from="StgValue_148" to="specinterface_ln0" fromId="148" toId="34">
</dataflow>
<dataflow id="154" from="StgValue_98" to="specinterface_ln0" fromId="98" toId="34">
</dataflow>
<dataflow id="156" from="empty_3" to="specinterface_ln0" fromId="155" toId="34">
</dataflow>
<dataflow id="158" from="empty_2" to="specinterface_ln0" fromId="157" toId="34">
</dataflow>
<dataflow id="159" from="empty_0" to="specinterface_ln0" fromId="151" toId="34">
</dataflow>
<dataflow id="161" from="StgValue_160" to="specinterface_ln0" fromId="160" toId="34">
</dataflow>
<dataflow id="162" from="StgValue_160" to="specinterface_ln0" fromId="160" toId="34">
</dataflow>
<dataflow id="163" from="StgValue_160" to="specinterface_ln0" fromId="160" toId="34">
</dataflow>
<dataflow id="164" from="StgValue_160" to="specinterface_ln0" fromId="160" toId="34">
</dataflow>
<dataflow id="165" from="empty_0" to="specinterface_ln0" fromId="151" toId="34">
</dataflow>
<dataflow id="166" from="empty_0" to="specinterface_ln0" fromId="151" toId="34">
</dataflow>
<dataflow id="167" from="_ssdm_op_SpecInterface" to="specinterface_ln0" fromId="143" toId="35">
</dataflow>
<dataflow id="168" from="DATA1" to="specinterface_ln0" fromId="77" toId="35">
</dataflow>
<dataflow id="169" from="empty" to="specinterface_ln0" fromId="146" toId="35">
</dataflow>
<dataflow id="170" from="StgValue_148" to="specinterface_ln0" fromId="148" toId="35">
</dataflow>
<dataflow id="171" from="StgValue_148" to="specinterface_ln0" fromId="148" toId="35">
</dataflow>
<dataflow id="172" from="empty_0" to="specinterface_ln0" fromId="151" toId="35">
</dataflow>
<dataflow id="173" from="StgValue_148" to="specinterface_ln0" fromId="148" toId="35">
</dataflow>
<dataflow id="174" from="StgValue_98" to="specinterface_ln0" fromId="98" toId="35">
</dataflow>
<dataflow id="176" from="empty_1" to="specinterface_ln0" fromId="175" toId="35">
</dataflow>
<dataflow id="177" from="empty_2" to="specinterface_ln0" fromId="157" toId="35">
</dataflow>
<dataflow id="178" from="empty_0" to="specinterface_ln0" fromId="151" toId="35">
</dataflow>
<dataflow id="179" from="StgValue_160" to="specinterface_ln0" fromId="160" toId="35">
</dataflow>
<dataflow id="180" from="StgValue_160" to="specinterface_ln0" fromId="160" toId="35">
</dataflow>
<dataflow id="181" from="StgValue_160" to="specinterface_ln0" fromId="160" toId="35">
</dataflow>
<dataflow id="182" from="StgValue_160" to="specinterface_ln0" fromId="160" toId="35">
</dataflow>
<dataflow id="183" from="empty_0" to="specinterface_ln0" fromId="151" toId="35">
</dataflow>
<dataflow id="184" from="empty_0" to="specinterface_ln0" fromId="151" toId="35">
</dataflow>
<dataflow id="185" from="_ssdm_op_ReadReq.m_axi.i32P1A" to="p_rd_req" fromId="95" toId="36">
</dataflow>
<dataflow id="186" from="DATA1_addr" to="p_rd_req" fromId="17" toId="36">
</dataflow>
<dataflow id="187" from="StgValue_98" to="p_rd_req" fromId="98" toId="36">
</dataflow>
<dataflow id="188" from="_ssdm_op_ReadReq.m_axi.i32P1A" to="p_rd_req3" fromId="95" toId="37">
</dataflow>
<dataflow id="189" from="DATA2_addr" to="p_rd_req3" fromId="19" toId="37">
</dataflow>
<dataflow id="190" from="StgValue_98" to="p_rd_req3" fromId="98" toId="37">
</dataflow>
<dataflow id="191" from="i" to="i_2" fromId="12" toId="39">
</dataflow>
<dataflow id="192" from="i_2" to="icmp_ln15" fromId="39" toId="40">
</dataflow>
<dataflow id="194" from="StgValue_193" to="icmp_ln15" fromId="193" toId="40">
</dataflow>
<dataflow id="196" from="_ssdm_op_SpecLoopTripCount" to="empty" fromId="195" toId="41">
</dataflow>
<dataflow id="198" from="StgValue_197" to="empty" fromId="197" toId="41">
</dataflow>
<dataflow id="199" from="StgValue_197" to="empty" fromId="197" toId="41">
</dataflow>
<dataflow id="200" from="StgValue_197" to="empty" fromId="197" toId="41">
</dataflow>
<dataflow id="201" from="i_2" to="add_ln15" fromId="39" toId="42">
</dataflow>
<dataflow id="203" from="StgValue_202" to="add_ln15" fromId="202" toId="42">
</dataflow>
<dataflow id="204" from="icmp_ln15" to="br_ln15" fromId="40" toId="43">
</dataflow>
<dataflow id="205" from="i_2" to="zext_ln15" fromId="39" toId="44">
</dataflow>
<dataflow id="206" from="arrayC" to="arrayC_addr" fromId="83" toId="45">
</dataflow>
<dataflow id="208" from="StgValue_207" to="arrayC_addr" fromId="207" toId="45">
</dataflow>
<dataflow id="209" from="zext_ln15" to="arrayC_addr" fromId="44" toId="45">
</dataflow>
<dataflow id="210" from="StgValue_148" to="store_ln20" fromId="148" toId="46">
</dataflow>
<dataflow id="211" from="arrayC_addr" to="store_ln20" fromId="45" toId="46">
</dataflow>
<dataflow id="212" from="add_ln15" to="store_ln15" fromId="42" toId="47">
</dataflow>
<dataflow id="213" from="i" to="store_ln15" fromId="12" toId="47">
</dataflow>
<dataflow id="215" from="_ssdm_op_Read.m_axi.i32P1A" to="DATA1_addr_read" fromId="214" toId="48">
</dataflow>
<dataflow id="216" from="DATA1_addr" to="DATA1_addr_read" fromId="17" toId="48">
</dataflow>
<dataflow id="217" from="_ssdm_op_Read.m_axi.i32P1A" to="DATA2_addr_read" fromId="214" toId="49">
</dataflow>
<dataflow id="218" from="DATA2_addr" to="DATA2_addr_read" fromId="19" toId="49">
</dataflow>
<dataflow id="220" from="_ssdm_op_SpecPipeline" to="specpipeline_ln10" fromId="219" toId="50">
</dataflow>
<dataflow id="222" from="StgValue_221" to="specpipeline_ln10" fromId="221" toId="50">
</dataflow>
<dataflow id="223" from="StgValue_148" to="specpipeline_ln10" fromId="148" toId="50">
</dataflow>
<dataflow id="224" from="StgValue_148" to="specpipeline_ln10" fromId="148" toId="50">
</dataflow>
<dataflow id="225" from="StgValue_148" to="specpipeline_ln10" fromId="148" toId="50">
</dataflow>
<dataflow id="226" from="empty_0" to="specpipeline_ln10" fromId="151" toId="50">
</dataflow>
<dataflow id="228" from="_ssdm_op_SpecLoopName" to="specloopname_ln10" fromId="227" toId="51">
</dataflow>
<dataflow id="230" from="empty_16" to="specloopname_ln10" fromId="229" toId="51">
</dataflow>
<dataflow id="231" from="arrayA" to="arrayA_addr" fromId="80" toId="52">
</dataflow>
<dataflow id="232" from="StgValue_207" to="arrayA_addr" fromId="207" toId="52">
</dataflow>
<dataflow id="233" from="zext_ln15" to="arrayA_addr" fromId="44" toId="52">
</dataflow>
<dataflow id="234" from="DATA1_addr_read" to="store_ln18" fromId="48" toId="53">
</dataflow>
<dataflow id="235" from="arrayA_addr" to="store_ln18" fromId="52" toId="53">
</dataflow>
<dataflow id="236" from="arrayB" to="arrayB_addr" fromId="82" toId="54">
</dataflow>
<dataflow id="237" from="StgValue_207" to="arrayB_addr" fromId="207" toId="54">
</dataflow>
<dataflow id="238" from="zext_ln15" to="arrayB_addr" fromId="44" toId="54">
</dataflow>
<dataflow id="239" from="DATA2_addr_read" to="store_ln19" fromId="49" toId="55">
</dataflow>
<dataflow id="240" from="arrayB_addr" to="store_ln19" fromId="54" toId="55">
</dataflow>
<dataflow id="241" from="icmp_ln15" to="StgValue_8" fromId="40" toId="8">
</dataflow>
</dataflows>


</stg>
