<profile>

<section name = "Vitis HLS Report for 'vector_add_Pipeline_VITIS_LOOP_28_3'" level="0">
<item name = "Date">Mon Mar 14 09:57:37 2022
</item>
<item name = "Version">2021.1 (Build 3247384 on Thu Jun 10 19:36:33 MDT 2021)</item>
<item name = "Project">vector_add_hls_design1</item>
<item name = "Solution">solution1 (Vivado IP Flow Target)</item>
<item name = "Product family">zynq</item>
<item name = "Target device">xc7z020-clg400-1</item>
</section>

<section name = "Performance Estimates" level="0">
<item name = "Timing">
<section name = "" level="1">
<item name = "Summary"><table name="" hasTotal="0">
<keys size="4">Clock, Target, Estimated, Uncertainty</keys>
<column name="ap_clk">10.00 ns, 7.300 ns, 2.70 ns</column>
</table>
</item>
</section>
</item>
<item name = "Latency">
<section name = "" level="1">
<item name = "Summary"><table name="" hasTotal="0">
<keys size="8">, min, max, min, max, min, max, Type</keys>
<column name="">1031, 1031, 10.310 us, 10.310 us, 1031, 1031, no</column>
</table>
</item>
<item name = "Detail">
<section name = "" level="1">
<item name = "Instance"><table name="" hasTotal="0">
<keys size="9">Instance, Module, min, max, min, max, min, max, Type</keys>
</table>
</item>
<item name = "Loop"><table name="" hasTotal="0">
<keys size="8">Loop Name, min, max, Latency, achieved, target, Count, Pipelined</keys>
<column name="- VITIS_LOOP_28_3">1025, 1025, 3, 1, 1, 1024, yes</column>
</table>
</item>
</section>
</item>
</section>
</item>
</section>

<section name = "Utilization Estimates" level="0">
<item name = "Summary"><table name="" hasTotal="1">
<keys size="6">Name, BRAM_18K, DSP, FF, LUT, URAM</keys>
<column name="DSP">-, -, -, -, -</column>
<column name="Expression">-, -, 0, 30, -</column>
<column name="FIFO">-, -, -, -, -</column>
<column name="Instance">-, -, -, -, -</column>
<column name="Memory">-, -, -, -, -</column>
<column name="Multiplexer">-, -, -, 96, -</column>
<column name="Register">-, -, 53, -, -</column>
<specialColumn name="Available">280, 220, 106400, 53200, 0</specialColumn>
<specialColumn name="Utilization (%)">0, 0, ~0, ~0, 0</specialColumn>
</table>
</item>
<item name = "Detail">
<section name = "" level="1">
<item name = "Instance"><table name="" hasTotal="1">
<keys size="7">Instance, Module, BRAM_18K, DSP, FF, LUT, URAM</keys>
</table>
</item>
<item name = "DSP"><table name="" hasTotal="0">
<keys size="3">Instance, Module, Expression</keys>
</table>
</item>
<item name = "Memory"><table name="" hasTotal="1">
<keys size="10">Memory, Module, BRAM_18K, FF, LUT, URAM, Words, Bits, Banks, W*Bits*Banks</keys>
</table>
</item>
<item name = "FIFO"><table name="" hasTotal="1">
<keys size="8">Name, BRAM_18K, FF, LUT, URAM, Depth, Bits, Size:D*B</keys>
</table>
</item>
<item name = "Expression"><table name="" hasTotal="1">
<keys size="7">Variable Name, Operation, DSP, FF, LUT, Bitwidth P0, Bitwidth P1</keys>
<column name="add_ln28_fu_128_p2">+, 0, 0, 12, 11, 1</column>
<column name="ap_block_pp0_stage0_11001">and, 0, 0, 2, 1, 1</column>
<column name="icmp_ln28_fu_122_p2">icmp, 0, 0, 12, 11, 12</column>
<column name="ap_enable_pp0">xor, 0, 0, 2, 1, 2</column>
<column name="ap_enable_reg_pp0_iter1">xor, 0, 0, 2, 2, 1</column>
</table>
</item>
<item name = "Multiplexer"><table name="" hasTotal="1">
<keys size="5">Name, LUT, Input Size, Bits, Total Bits</keys>
<column name="DATA3_blk_n_AW">9, 2, 1, 2</column>
<column name="DATA3_blk_n_B">9, 2, 1, 2</column>
<column name="DATA3_blk_n_W">9, 2, 1, 2</column>
<column name="ap_NS_fsm">42, 8, 1, 8</column>
<column name="ap_enable_reg_pp0_iter1">9, 2, 1, 2</column>
<column name="ap_enable_reg_pp0_iter2">9, 2, 1, 2</column>
<column name="i_fu_58">9, 2, 11, 22</column>
</table>
</item>
<item name = "Register"><table name="" hasTotal="1">
<keys size="5">Name, FF, LUT, Bits, Const Bits</keys>
<column name="ap_CS_fsm">7, 0, 7, 0</column>
<column name="ap_enable_reg_pp0_iter0">1, 0, 1, 0</column>
<column name="ap_enable_reg_pp0_iter1">1, 0, 1, 0</column>
<column name="ap_enable_reg_pp0_iter2">1, 0, 1, 0</column>
<column name="arrayC_load_reg_165">32, 0, 32, 0</column>
<column name="i_fu_58">11, 0, 11, 0</column>
</table>
</item>
</section>
</item>
</section>

<section name = "Interface" level="0">
<item name = "Summary"><table name="" hasTotal="0">
<keys size="6">RTL Ports, Dir, Bits, Protocol, Source Object, C Type</keys>
<column name="ap_clk">in, 1, ap_ctrl_hs, vector_add_Pipeline_VITIS_LOOP_28_3, return value</column>
<column name="ap_rst">in, 1, ap_ctrl_hs, vector_add_Pipeline_VITIS_LOOP_28_3, return value</column>
<column name="ap_start">in, 1, ap_ctrl_hs, vector_add_Pipeline_VITIS_LOOP_28_3, return value</column>
<column name="ap_done">out, 1, ap_ctrl_hs, vector_add_Pipeline_VITIS_LOOP_28_3, return value</column>
<column name="ap_idle">out, 1, ap_ctrl_hs, vector_add_Pipeline_VITIS_LOOP_28_3, return value</column>
<column name="ap_ready">out, 1, ap_ctrl_hs, vector_add_Pipeline_VITIS_LOOP_28_3, return value</column>
<column name="m_axi_DATA3_AWVALID">out, 1, m_axi, DATA3, pointer</column>
<column name="m_axi_DATA3_AWREADY">in, 1, m_axi, DATA3, pointer</column>
<column name="m_axi_DATA3_AWADDR">out, 64, m_axi, DATA3, pointer</column>
<column name="m_axi_DATA3_AWID">out, 1, m_axi, DATA3, pointer</column>
<column name="m_axi_DATA3_AWLEN">out, 32, m_axi, DATA3, pointer</column>
<column name="m_axi_DATA3_AWSIZE">out, 3, m_axi, DATA3, pointer</column>
<column name="m_axi_DATA3_AWBURST">out, 2, m_axi, DATA3, pointer</column>
<column name="m_axi_DATA3_AWLOCK">out, 2, m_axi, DATA3, pointer</column>
<column name="m_axi_DATA3_AWCACHE">out, 4, m_axi, DATA3, pointer</column>
<column name="m_axi_DATA3_AWPROT">out, 3, m_axi, DATA3, pointer</column>
<column name="m_axi_DATA3_AWQOS">out, 4, m_axi, DATA3, pointer</column>
<column name="m_axi_DATA3_AWREGION">out, 4, m_axi, DATA3, pointer</column>
<column name="m_axi_DATA3_AWUSER">out, 1, m_axi, DATA3, pointer</column>
<column name="m_axi_DATA3_WVALID">out, 1, m_axi, DATA3, pointer</column>
<column name="m_axi_DATA3_WREADY">in, 1, m_axi, DATA3, pointer</column>
<column name="m_axi_DATA3_WDATA">out, 32, m_axi, DATA3, pointer</column>
<column name="m_axi_DATA3_WSTRB">out, 4, m_axi, DATA3, pointer</column>
<column name="m_axi_DATA3_WLAST">out, 1, m_axi, DATA3, pointer</column>
<column name="m_axi_DATA3_WID">out, 1, m_axi, DATA3, pointer</column>
<column name="m_axi_DATA3_WUSER">out, 1, m_axi, DATA3, pointer</column>
<column name="m_axi_DATA3_ARVALID">out, 1, m_axi, DATA3, pointer</column>
<column name="m_axi_DATA3_ARREADY">in, 1, m_axi, DATA3, pointer</column>
<column name="m_axi_DATA3_ARADDR">out, 64, m_axi, DATA3, pointer</column>
<column name="m_axi_DATA3_ARID">out, 1, m_axi, DATA3, pointer</column>
<column name="m_axi_DATA3_ARLEN">out, 32, m_axi, DATA3, pointer</column>
<column name="m_axi_DATA3_ARSIZE">out, 3, m_axi, DATA3, pointer</column>
<column name="m_axi_DATA3_ARBURST">out, 2, m_axi, DATA3, pointer</column>
<column name="m_axi_DATA3_ARLOCK">out, 2, m_axi, DATA3, pointer</column>
<column name="m_axi_DATA3_ARCACHE">out, 4, m_axi, DATA3, pointer</column>
<column name="m_axi_DATA3_ARPROT">out, 3, m_axi, DATA3, pointer</column>
<column name="m_axi_DATA3_ARQOS">out, 4, m_axi, DATA3, pointer</column>
<column name="m_axi_DATA3_ARREGION">out, 4, m_axi, DATA3, pointer</column>
<column name="m_axi_DATA3_ARUSER">out, 1, m_axi, DATA3, pointer</column>
<column name="m_axi_DATA3_RVALID">in, 1, m_axi, DATA3, pointer</column>
<column name="m_axi_DATA3_RREADY">out, 1, m_axi, DATA3, pointer</column>
<column name="m_axi_DATA3_RDATA">in, 32, m_axi, DATA3, pointer</column>
<column name="m_axi_DATA3_RLAST">in, 1, m_axi, DATA3, pointer</column>
<column name="m_axi_DATA3_RID">in, 1, m_axi, DATA3, pointer</column>
<column name="m_axi_DATA3_RUSER">in, 1, m_axi, DATA3, pointer</column>
<column name="m_axi_DATA3_RRESP">in, 2, m_axi, DATA3, pointer</column>
<column name="m_axi_DATA3_BVALID">in, 1, m_axi, DATA3, pointer</column>
<column name="m_axi_DATA3_BREADY">out, 1, m_axi, DATA3, pointer</column>
<column name="m_axi_DATA3_BRESP">in, 2, m_axi, DATA3, pointer</column>
<column name="m_axi_DATA3_BID">in, 1, m_axi, DATA3, pointer</column>
<column name="m_axi_DATA3_BUSER">in, 1, m_axi, DATA3, pointer</column>
<column name="sext_ln31_1">in, 62, ap_none, sext_ln31_1, scalar</column>
<column name="arrayC_address0">out, 10, ap_memory, arrayC, array</column>
<column name="arrayC_ce0">out, 1, ap_memory, arrayC, array</column>
<column name="arrayC_q0">in, 32, ap_memory, arrayC, array</column>
<column name="c">in, 64, ap_none, c, scalar</column>
</table>
</item>
</section>
</profile>
