<profile>

<section name = "Vitis HLS Report for 'vector_add'" level="0">
<item name = "Date">Mon Mar 14 09:57:36 2022
</item>
<item name = "Version">2021.1 (Build 3247384 on Thu Jun 10 19:36:33 MDT 2021)</item>
<item name = "Project">vector_add_hls_design1</item>
<item name = "Solution">solution1 (Vivado IP Flow Target)</item>
<item name = "Product family">zynq</item>
<item name = "Target device">xc7z020-clg400-1</item>
</section>

<section name = "Performance Estimates" level="0">
<item name = "Timing">
<section name = "" level="1">
<item name = "Summary"><table name="" hasTotal="0">
<keys size="4">Clock, Target, Estimated, Uncertainty</keys>
<column name="ap_clk">10.00 ns, 7.300 ns, 2.70 ns</column>
</table>
</item>
</section>
</item>
<item name = "Latency">
<section name = "" level="1">
<item name = "Summary"><table name="" hasTotal="0">
<keys size="8">, min, max, min, max, min, max, Type</keys>
<column name="">3097, 3097, 30.970 us, 30.970 us, 3098, 3098, no</column>
</table>
</item>
<item name = "Detail">
<section name = "" level="1">
<item name = "Instance"><table name="" hasTotal="0">
<keys size="9">Instance, Module, min, max, min, max, min, max, Type</keys>
<column name="grp_vector_add_Pipeline_VITIS_LOOP_15_1_fu_100">vector_add_Pipeline_VITIS_LOOP_15_1, 1033, 1033, 10.330 us, 10.330 us, 1033, 1033, no</column>
<column name="grp_vector_add_Pipeline_VITIS_LOOP_23_2_fu_115">vector_add_Pipeline_VITIS_LOOP_23_2, 1027, 1027, 10.270 us, 10.270 us, 1027, 1027, no</column>
<column name="grp_vector_add_Pipeline_VITIS_LOOP_28_3_fu_122">vector_add_Pipeline_VITIS_LOOP_28_3, 1031, 1031, 10.310 us, 10.310 us, 1031, 1031, no</column>
</table>
</item>
<item name = "Loop"><table name="" hasTotal="0">
<keys size="8">Loop Name, min, max, Latency, achieved, target, Count, Pipelined</keys>
</table>
</item>
</section>
</item>
</section>
</item>
</section>
</profile>
