<stg><name>vector_add</name>


<trans_list>

<trans id="39" from="1" to="2">
<condition id="-1">
<or_exp><and_exp></and_exp></or_exp>
</condition>
</trans>

<trans id="40" from="2" to="3">
<condition id="-1">
<or_exp><and_exp></and_exp></or_exp>
</condition>
</trans>

<trans id="41" from="3" to="4">
<condition id="-1">
<or_exp><and_exp></and_exp></or_exp>
</condition>
</trans>

<trans id="42" from="4" to="5">
<condition id="-1">
<or_exp><and_exp></and_exp></or_exp>
</condition>
</trans>

<trans id="43" from="5" to="6">
<condition id="-1">
<or_exp><and_exp></and_exp></or_exp>
</condition>
</trans>

<trans id="44" from="6" to="7">
<condition id="-1">
<or_exp><and_exp></and_exp></or_exp>
</condition>
</trans>
</trans_list>



<state_list>

<state id="1" st_id="1">

<operation id="8" st_id="1" stage="1" lat="1">
<core>s_axilite</core>
<MemPortIdVec></MemPortIdVec>
<condition id="-1">
<or_exp><and_exp></and_exp></or_exp>
</condition>

<Node id="22" bw="64" op_0_bw="64" op_1_bw="64">
<![CDATA[
codeRepl:15 %c_read = read i64 @_ssdm_op_Read.s_axilite.i64, i64 %c

]]></Node>
<StgValue><ssdm name="c_read"/></StgValue>
</operation>

<operation id="9" st_id="1" stage="1" lat="1">
<core>s_axilite</core>
<MemPortIdVec></MemPortIdVec>
<condition id="-1">
<or_exp><and_exp></and_exp></or_exp>
</condition>

<Node id="23" bw="64" op_0_bw="64" op_1_bw="64">
<![CDATA[
codeRepl:16 %b_read = read i64 @_ssdm_op_Read.s_axilite.i64, i64 %b

]]></Node>
<StgValue><ssdm name="b_read"/></StgValue>
</operation>

<operation id="10" st_id="1" stage="1" lat="1">
<core>s_axilite</core>
<MemPortIdVec></MemPortIdVec>
<condition id="-1">
<or_exp><and_exp></and_exp></or_exp>
</condition>

<Node id="24" bw="64" op_0_bw="64" op_1_bw="64">
<![CDATA[
codeRepl:17 %a_read = read i64 @_ssdm_op_Read.s_axilite.i64, i64 %a

]]></Node>
<StgValue><ssdm name="a_read"/></StgValue>
</operation>

<operation id="11" st_id="1" stage="1" lat="1">
<core>NULL</core>
<MemPortIdVec></MemPortIdVec>
<condition id="-1">
<or_exp><and_exp></and_exp></or_exp>
</condition>

<Node id="25" bw="32" op_0_bw="64">
<![CDATA[
codeRepl:18 %arrayA = alloca i64 1

]]></Node>
<StgValue><ssdm name="arrayA"/></StgValue>
</operation>

<operation id="12" st_id="1" stage="1" lat="1">
<core>NULL</core>
<MemPortIdVec></MemPortIdVec>
<condition id="-1">
<or_exp><and_exp></and_exp></or_exp>
</condition>

<Node id="26" bw="32" op_0_bw="64">
<![CDATA[
codeRepl:19 %arrayB = alloca i64 1

]]></Node>
<StgValue><ssdm name="arrayB"/></StgValue>
</operation>

<operation id="13" st_id="1" stage="1" lat="1">
<core>NULL</core>
<MemPortIdVec></MemPortIdVec>
<condition id="-1">
<or_exp><and_exp></and_exp></or_exp>
</condition>

<Node id="27" bw="32" op_0_bw="64">
<![CDATA[
codeRepl:20 %arrayC = alloca i64 1

]]></Node>
<StgValue><ssdm name="arrayC"/></StgValue>
</operation>

<operation id="14" st_id="1" stage="1" lat="1">
<core>NULL</core>
<MemPortIdVec></MemPortIdVec>
<condition id="-1">
<or_exp><and_exp></and_exp></or_exp>
</condition>

<Node id="28" bw="62" op_0_bw="62" op_1_bw="64" op_2_bw="32" op_3_bw="32">
<![CDATA[
codeRepl:21 %trunc_ln18_1 = partselect i62 @_ssdm_op_PartSelect.i62.i64.i32.i32, i64 %a_read, i32 2, i32 63

]]></Node>
<StgValue><ssdm name="trunc_ln18_1"/></StgValue>
</operation>

<operation id="15" st_id="1" stage="1" lat="1">
<core>NULL</core>
<MemPortIdVec></MemPortIdVec>
<condition id="-1">
<or_exp><and_exp></and_exp></or_exp>
</condition>

<Node id="29" bw="62" op_0_bw="62" op_1_bw="64" op_2_bw="32" op_3_bw="32">
<![CDATA[
codeRepl:22 %trunc_ln19_1 = partselect i62 @_ssdm_op_PartSelect.i62.i64.i32.i32, i64 %b_read, i32 2, i32 63

]]></Node>
<StgValue><ssdm name="trunc_ln19_1"/></StgValue>
</operation>

<operation id="16" st_id="1" stage="1" lat="1">
<core>NULL</core>
<MemPortIdVec></MemPortIdVec>
<condition id="-1">
<or_exp><and_exp></and_exp></or_exp>
</condition>

<Node id="32" bw="62" op_0_bw="62" op_1_bw="64" op_2_bw="32" op_3_bw="32">
<![CDATA[
codeRepl:25 %trunc_ln31_1 = partselect i62 @_ssdm_op_PartSelect.i62.i64.i32.i32, i64 %c_read, i32 2, i32 63

]]></Node>
<StgValue><ssdm name="trunc_ln31_1"/></StgValue>
</operation>
</state>

<state id="2" st_id="2">

<operation id="17" st_id="2" stage="2" lat="2">
<core></core>
<MemPortIdVec></MemPortIdVec>
<condition id="-1">
<or_exp><and_exp></and_exp></or_exp>
</condition>

<Node id="30" bw="0" op_0_bw="0" op_1_bw="32" op_2_bw="62" op_3_bw="32" op_4_bw="62" op_5_bw="64" op_6_bw="32" op_7_bw="64" op_8_bw="32" op_9_bw="32">
<![CDATA[
codeRepl:23 %call_ln19 = call void @vector_add_Pipeline_VITIS_LOOP_15_1, i32 %DATA2, i62 %trunc_ln19_1, i32 %DATA1, i62 %trunc_ln18_1, i64 %a_read, i32 %arrayA, i64 %b_read, i32 %arrayB, i32 %arrayC

]]></Node>
<StgValue><ssdm name="call_ln19"/></StgValue>
</operation>
</state>

<state id="3" st_id="3">

<operation id="18" st_id="3" stage="1" lat="2">
<core></core>
<MemPortIdVec></MemPortIdVec>
<condition id="-1">
<or_exp><and_exp></and_exp></or_exp>
</condition>

<Node id="30" bw="0" op_0_bw="0" op_1_bw="32" op_2_bw="62" op_3_bw="32" op_4_bw="62" op_5_bw="64" op_6_bw="32" op_7_bw="64" op_8_bw="32" op_9_bw="32">
<![CDATA[
codeRepl:23 %call_ln19 = call void @vector_add_Pipeline_VITIS_LOOP_15_1, i32 %DATA2, i62 %trunc_ln19_1, i32 %DATA1, i62 %trunc_ln18_1, i64 %a_read, i32 %arrayA, i64 %b_read, i32 %arrayB, i32 %arrayC

]]></Node>
<StgValue><ssdm name="call_ln19"/></StgValue>
</operation>
</state>

<state id="4" st_id="4">

<operation id="19" st_id="4" stage="2" lat="2">
<core></core>
<MemPortIdVec></MemPortIdVec>
<condition id="-1">
<or_exp><and_exp></and_exp></or_exp>
</condition>

<Node id="31" bw="0" op_0_bw="0" op_1_bw="32" op_2_bw="32" op_3_bw="32" op_4_bw="0" op_5_bw="0">
<![CDATA[
codeRepl:24 %call_ln0 = call void @vector_add_Pipeline_VITIS_LOOP_23_2, i32 %arrayA, i32 %arrayB, i32 %arrayC

]]></Node>
<StgValue><ssdm name="call_ln0"/></StgValue>
</operation>
</state>

<state id="5" st_id="5">

<operation id="20" st_id="5" stage="1" lat="2">
<core></core>
<MemPortIdVec></MemPortIdVec>
<condition id="-1">
<or_exp><and_exp></and_exp></or_exp>
</condition>

<Node id="31" bw="0" op_0_bw="0" op_1_bw="32" op_2_bw="32" op_3_bw="32" op_4_bw="0" op_5_bw="0">
<![CDATA[
codeRepl:24 %call_ln0 = call void @vector_add_Pipeline_VITIS_LOOP_23_2, i32 %arrayA, i32 %arrayB, i32 %arrayC

]]></Node>
<StgValue><ssdm name="call_ln0"/></StgValue>
</operation>
</state>

<state id="6" st_id="6">

<operation id="21" st_id="6" stage="2" lat="2">
<core></core>
<MemPortIdVec></MemPortIdVec>
<condition id="-1">
<or_exp><and_exp></and_exp></or_exp>
</condition>

<Node id="33" bw="0" op_0_bw="0" op_1_bw="32" op_2_bw="62" op_3_bw="32" op_4_bw="64" op_5_bw="0" op_6_bw="0">
<![CDATA[
codeRepl:26 %call_ln31 = call void @vector_add_Pipeline_VITIS_LOOP_28_3, i32 %DATA3, i62 %trunc_ln31_1, i32 %arrayC, i64 %c_read

]]></Node>
<StgValue><ssdm name="call_ln31"/></StgValue>
</operation>
</state>

<state id="7" st_id="7">

<operation id="22" st_id="7" stage="1" lat="1">
<core>NULL</core>
<MemPortIdVec></MemPortIdVec>
<condition id="-1">
<or_exp><and_exp></and_exp></or_exp>
</condition>

<Node id="7" bw="0" op_0_bw="0" op_1_bw="32">
<![CDATA[
codeRepl:0 %specbitsmap_ln0 = specbitsmap void @_ssdm_op_SpecBitsMap, i32 0

]]></Node>
<StgValue><ssdm name="specbitsmap_ln0"/></StgValue>
</operation>

<operation id="23" st_id="7" stage="1" lat="1">
<core>NULL</core>
<MemPortIdVec></MemPortIdVec>
<condition id="-1">
<or_exp><and_exp></and_exp></or_exp>
</condition>

<Node id="8" bw="0" op_0_bw="0" op_1_bw="0">
<![CDATA[
codeRepl:1 %spectopmodule_ln0 = spectopmodule void @_ssdm_op_SpecTopModule, void @empty_13

]]></Node>
<StgValue><ssdm name="spectopmodule_ln0"/></StgValue>
</operation>

<operation id="24" st_id="7" stage="1" lat="1">
<core>NULL</core>
<MemPortIdVec></MemPortIdVec>
<condition id="-1">
<or_exp><and_exp></and_exp></or_exp>
</condition>

<Node id="9" bw="0" op_0_bw="0" op_1_bw="32" op_2_bw="0" op_3_bw="32" op_4_bw="32" op_5_bw="0" op_6_bw="32" op_7_bw="32" op_8_bw="0" op_9_bw="0" op_10_bw="0" op_11_bw="32" op_12_bw="32" op_13_bw="32" op_14_bw="32" op_15_bw="0" op_16_bw="0">
<![CDATA[
codeRepl:2 %specinterface_ln0 = specinterface void @_ssdm_op_SpecInterface, i32 %DATA1, void @empty, i32 0, i32 0, void @empty_0, i32 0, i32 1024, void @empty_1, void @empty_2, void @empty_0, i32 16, i32 16, i32 16, i32 16, void @empty_0, void @empty_0

]]></Node>
<StgValue><ssdm name="specinterface_ln0"/></StgValue>
</operation>

<operation id="25" st_id="7" stage="1" lat="1">
<core>NULL</core>
<MemPortIdVec></MemPortIdVec>
<condition id="-1">
<or_exp><and_exp></and_exp></or_exp>
</condition>

<Node id="10" bw="0" op_0_bw="0" op_1_bw="32">
<![CDATA[
codeRepl:3 %specbitsmap_ln0 = specbitsmap void @_ssdm_op_SpecBitsMap, i32 %DATA1

]]></Node>
<StgValue><ssdm name="specbitsmap_ln0"/></StgValue>
</operation>

<operation id="26" st_id="7" stage="1" lat="1">
<core>NULL</core>
<MemPortIdVec></MemPortIdVec>
<condition id="-1">
<or_exp><and_exp></and_exp></or_exp>
</condition>

<Node id="11" bw="0" op_0_bw="0" op_1_bw="32" op_2_bw="0" op_3_bw="32" op_4_bw="32" op_5_bw="0" op_6_bw="32" op_7_bw="32" op_8_bw="0" op_9_bw="0" op_10_bw="0" op_11_bw="32" op_12_bw="32" op_13_bw="32" op_14_bw="32" op_15_bw="0" op_16_bw="0">
<![CDATA[
codeRepl:4 %specinterface_ln0 = specinterface void @_ssdm_op_SpecInterface, i32 %DATA2, void @empty, i32 0, i32 0, void @empty_0, i32 0, i32 1024, void @empty_3, void @empty_2, void @empty_0, i32 16, i32 16, i32 16, i32 16, void @empty_0, void @empty_0

]]></Node>
<StgValue><ssdm name="specinterface_ln0"/></StgValue>
</operation>

<operation id="27" st_id="7" stage="1" lat="1">
<core>NULL</core>
<MemPortIdVec></MemPortIdVec>
<condition id="-1">
<or_exp><and_exp></and_exp></or_exp>
</condition>

<Node id="12" bw="0" op_0_bw="0" op_1_bw="32">
<![CDATA[
codeRepl:5 %specbitsmap_ln0 = specbitsmap void @_ssdm_op_SpecBitsMap, i32 %DATA2

]]></Node>
<StgValue><ssdm name="specbitsmap_ln0"/></StgValue>
</operation>

<operation id="28" st_id="7" stage="1" lat="1">
<core>NULL</core>
<MemPortIdVec></MemPortIdVec>
<condition id="-1">
<or_exp><and_exp></and_exp></or_exp>
</condition>

<Node id="13" bw="0" op_0_bw="0" op_1_bw="32" op_2_bw="0" op_3_bw="32" op_4_bw="32" op_5_bw="0" op_6_bw="32" op_7_bw="32" op_8_bw="0" op_9_bw="0" op_10_bw="0" op_11_bw="32" op_12_bw="32" op_13_bw="32" op_14_bw="32" op_15_bw="0" op_16_bw="0">
<![CDATA[
codeRepl:6 %specinterface_ln0 = specinterface void @_ssdm_op_SpecInterface, i32 %DATA3, void @empty, i32 0, i32 0, void @empty_0, i32 0, i32 1024, void @empty_4, void @empty_2, void @empty_0, i32 16, i32 16, i32 16, i32 16, void @empty_0, void @empty_0

]]></Node>
<StgValue><ssdm name="specinterface_ln0"/></StgValue>
</operation>

<operation id="29" st_id="7" stage="1" lat="1">
<core>NULL</core>
<MemPortIdVec></MemPortIdVec>
<condition id="-1">
<or_exp><and_exp></and_exp></or_exp>
</condition>

<Node id="14" bw="0" op_0_bw="0" op_1_bw="32">
<![CDATA[
codeRepl:7 %specbitsmap_ln0 = specbitsmap void @_ssdm_op_SpecBitsMap, i32 %DATA3

]]></Node>
<StgValue><ssdm name="specbitsmap_ln0"/></StgValue>
</operation>

<operation id="30" st_id="7" stage="1" lat="1">
<core>NULL</core>
<MemPortIdVec></MemPortIdVec>
<condition id="-1">
<or_exp><and_exp></and_exp></or_exp>
</condition>

<Node id="15" bw="0" op_0_bw="0" op_1_bw="64" op_2_bw="0" op_3_bw="32" op_4_bw="32" op_5_bw="0" op_6_bw="32" op_7_bw="32" op_8_bw="0" op_9_bw="0" op_10_bw="0" op_11_bw="32" op_12_bw="32" op_13_bw="32" op_14_bw="32" op_15_bw="0" op_16_bw="0">
<![CDATA[
codeRepl:8 %specinterface_ln0 = specinterface void @_ssdm_op_SpecInterface, i64 %a, void @empty_5, i32 0, i32 0, void @empty_0, i32 0, i32 0, void @empty_6, void @empty_7, void @empty_0, i32 0, i32 0, i32 0, i32 0, void @empty_0, void @empty_8

]]></Node>
<StgValue><ssdm name="specinterface_ln0"/></StgValue>
</operation>

<operation id="31" st_id="7" stage="1" lat="1">
<core>NULL</core>
<MemPortIdVec></MemPortIdVec>
<condition id="-1">
<or_exp><and_exp></and_exp></or_exp>
</condition>

<Node id="16" bw="0" op_0_bw="0" op_1_bw="64" op_2_bw="0" op_3_bw="32" op_4_bw="32" op_5_bw="0" op_6_bw="32" op_7_bw="32" op_8_bw="0" op_9_bw="0" op_10_bw="0" op_11_bw="32" op_12_bw="32" op_13_bw="32" op_14_bw="32" op_15_bw="0" op_16_bw="0">
<![CDATA[
codeRepl:9 %specinterface_ln0 = specinterface void @_ssdm_op_SpecInterface, i64 %a, void @empty_9, i32 0, i32 0, void @empty_0, i32 0, i32 0, void @empty_0, void @empty_0, void @empty_0, i32 0, i32 0, i32 0, i32 0, void @empty_0, void @empty_8

]]></Node>
<StgValue><ssdm name="specinterface_ln0"/></StgValue>
</operation>

<operation id="32" st_id="7" stage="1" lat="1">
<core>NULL</core>
<MemPortIdVec></MemPortIdVec>
<condition id="-1">
<or_exp><and_exp></and_exp></or_exp>
</condition>

<Node id="17" bw="0" op_0_bw="0" op_1_bw="64" op_2_bw="0" op_3_bw="32" op_4_bw="32" op_5_bw="0" op_6_bw="32" op_7_bw="32" op_8_bw="0" op_9_bw="0" op_10_bw="0" op_11_bw="32" op_12_bw="32" op_13_bw="32" op_14_bw="32" op_15_bw="0" op_16_bw="0">
<![CDATA[
codeRepl:10 %specinterface_ln0 = specinterface void @_ssdm_op_SpecInterface, i64 %b, void @empty_5, i32 0, i32 0, void @empty_0, i32 0, i32 0, void @empty_6, void @empty_10, void @empty_0, i32 0, i32 0, i32 0, i32 0, void @empty_0, void @empty_8

]]></Node>
<StgValue><ssdm name="specinterface_ln0"/></StgValue>
</operation>

<operation id="33" st_id="7" stage="1" lat="1">
<core>NULL</core>
<MemPortIdVec></MemPortIdVec>
<condition id="-1">
<or_exp><and_exp></and_exp></or_exp>
</condition>

<Node id="18" bw="0" op_0_bw="0" op_1_bw="64" op_2_bw="0" op_3_bw="32" op_4_bw="32" op_5_bw="0" op_6_bw="32" op_7_bw="32" op_8_bw="0" op_9_bw="0" op_10_bw="0" op_11_bw="32" op_12_bw="32" op_13_bw="32" op_14_bw="32" op_15_bw="0" op_16_bw="0">
<![CDATA[
codeRepl:11 %specinterface_ln0 = specinterface void @_ssdm_op_SpecInterface, i64 %b, void @empty_9, i32 0, i32 0, void @empty_0, i32 0, i32 0, void @empty_0, void @empty_0, void @empty_0, i32 0, i32 0, i32 0, i32 0, void @empty_0, void @empty_8

]]></Node>
<StgValue><ssdm name="specinterface_ln0"/></StgValue>
</operation>

<operation id="34" st_id="7" stage="1" lat="1">
<core>NULL</core>
<MemPortIdVec></MemPortIdVec>
<condition id="-1">
<or_exp><and_exp></and_exp></or_exp>
</condition>

<Node id="19" bw="0" op_0_bw="0" op_1_bw="64" op_2_bw="0" op_3_bw="32" op_4_bw="32" op_5_bw="0" op_6_bw="32" op_7_bw="32" op_8_bw="0" op_9_bw="0" op_10_bw="0" op_11_bw="32" op_12_bw="32" op_13_bw="32" op_14_bw="32" op_15_bw="0" op_16_bw="0">
<![CDATA[
codeRepl:12 %specinterface_ln0 = specinterface void @_ssdm_op_SpecInterface, i64 %c, void @empty_5, i32 0, i32 0, void @empty_0, i32 0, i32 0, void @empty_6, void @empty_11, void @empty_0, i32 0, i32 0, i32 0, i32 0, void @empty_0, void @empty_8

]]></Node>
<StgValue><ssdm name="specinterface_ln0"/></StgValue>
</operation>

<operation id="35" st_id="7" stage="1" lat="1">
<core>NULL</core>
<MemPortIdVec></MemPortIdVec>
<condition id="-1">
<or_exp><and_exp></and_exp></or_exp>
</condition>

<Node id="20" bw="0" op_0_bw="0" op_1_bw="64" op_2_bw="0" op_3_bw="32" op_4_bw="32" op_5_bw="0" op_6_bw="32" op_7_bw="32" op_8_bw="0" op_9_bw="0" op_10_bw="0" op_11_bw="32" op_12_bw="32" op_13_bw="32" op_14_bw="32" op_15_bw="0" op_16_bw="0">
<![CDATA[
codeRepl:13 %specinterface_ln0 = specinterface void @_ssdm_op_SpecInterface, i64 %c, void @empty_9, i32 0, i32 0, void @empty_0, i32 0, i32 0, void @empty_0, void @empty_0, void @empty_0, i32 0, i32 0, i32 0, i32 0, void @empty_0, void @empty_8

]]></Node>
<StgValue><ssdm name="specinterface_ln0"/></StgValue>
</operation>

<operation id="36" st_id="7" stage="1" lat="1">
<core>NULL</core>
<MemPortIdVec></MemPortIdVec>
<condition id="-1">
<or_exp><and_exp></and_exp></or_exp>
</condition>

<Node id="21" bw="0" op_0_bw="0" op_1_bw="32" op_2_bw="0" op_3_bw="32" op_4_bw="32" op_5_bw="0" op_6_bw="32" op_7_bw="32" op_8_bw="0" op_9_bw="0" op_10_bw="0" op_11_bw="32" op_12_bw="32" op_13_bw="32" op_14_bw="32" op_15_bw="0" op_16_bw="0">
<![CDATA[
codeRepl:14 %specinterface_ln0 = specinterface void @_ssdm_op_SpecInterface, i32 0, void @empty_5, i32 0, i32 0, void @empty_0, i32 0, i32 0, void @empty_12, void @empty_7, void @empty_0, i32 0, i32 0, i32 0, i32 0, void @empty_0, void @empty_0

]]></Node>
<StgValue><ssdm name="specinterface_ln0"/></StgValue>
</operation>

<operation id="37" st_id="7" stage="1" lat="2">
<core></core>
<MemPortIdVec></MemPortIdVec>
<condition id="-1">
<or_exp><and_exp></and_exp></or_exp>
</condition>

<Node id="33" bw="0" op_0_bw="0" op_1_bw="32" op_2_bw="62" op_3_bw="32" op_4_bw="64" op_5_bw="0" op_6_bw="0">
<![CDATA[
codeRepl:26 %call_ln31 = call void @vector_add_Pipeline_VITIS_LOOP_28_3, i32 %DATA3, i62 %trunc_ln31_1, i32 %arrayC, i64 %c_read

]]></Node>
<StgValue><ssdm name="call_ln31"/></StgValue>
</operation>

<operation id="38" st_id="7" stage="1" lat="1">
<core>NULL</core>
<MemPortIdVec></MemPortIdVec>
<condition id="-1">
<or_exp><and_exp></and_exp></or_exp>
</condition>

<Node id="34" bw="0" op_0_bw="32">
<![CDATA[
codeRepl:27 %ret_ln33 = ret i32 0

]]></Node>
<StgValue><ssdm name="ret_ln33"/></StgValue>
</operation>
</state>
</state_list>


<ports>
</ports>


<dataflows>
</dataflows>


</stg>
